keyword,nama,kategori,kategori_list,alamat,lat,lng,rating,jumlah_review,status_buka,jam_operasional_raw,jam_Senin,jam_Selasa,jam_Rabu,jam_Kamis,jam_Jumat,jam_Sabtu,jam_Minggu,telepon,website,price_level,price_range,harga_text,url_google_maps,foto_count,foto_urls,fasilitas,plus_code,deskripsi,reviews_count_collected,scraped_at
aula,SWASANA GRAND SLIPI CONVENTION HALL,,,"
Jl. Letjen S. Parman, RT.1/RW.4, Palmerah, Kec. Palmerah, Kota Jakarta Barat, Daerah Khusus Ibukota Jakarta 11480",-6.2007999,106.7985726,,,Buka 24 jam,"Senin: Buka 24 jam
Selasa: Buka 24 jam
Rabu: Buka 24 jam
Kamis: Buka 24 jam
Jumat: Buka 24 jam
Sabtu: Buka 24 jam
Minggu: Buka 24 jam",Buka 24 jam,Buka 24 jam,Buka 24 jam,Buka 24 jam,Buka 24 jam,Buka 24 jam,Buka 24 jam,0811-8339-7121,https://swasanawedding.com/grand-slipi-convention-hall/,,,,"https://www.google.com/maps/place/SWASANA+GRAND+SLIPI+CONVENTION+HALL/@-6.2007999,106.7985726,17z/data=!3m1!4b1!4m6!3m5!1s0x2e69f6bef2eaaaab:0x480ecca810824c84!8m2!3d-6.2007999!4d106.7985726!16s%2Fg%2F11dyl__ygj?entry=ttu&g_ep=EgoyMDI2MDgyNS4wIKXMDSoASAFQAw%3D%3D",14,https://lh3.googleusercontent.com/gps-cs-s/AHRPTWlItDyJI_-FqGQKH1ItM7e8OWHUs_uI_ZhuTY6YAcd1IGY5JEWNuHxL9m51xya66OR17oHvbsUYix_q-icjwqHq4joJr-t7SywHl2Oaijs5LQb21gKDZmRCFhrcpMr4xvsXplXW0Q=w32-h32-p-k-no | https://lh3.googleusercontent.com/gps-cs-s/AHRPTWlItDyJI_-FqGQKH1ItM7e8OWHUs_uI_ZhuTY6YAcd1IGY5JEWNuHxL9m51xya66OR17oHvbsUYix_q-icjwqHq4joJr-t7SywHl2Oaijs5LQb21gKDZmRCFhrcpMr4xvsXplXW0Q=w428-h240-k-no | https://lh3.googleusercontent.com/gps-cs-s/AHRPTWlItDyJI_-FqGQKH1ItM7e8OWHUs_uI_ZhuTY6YAcd1IGY5JEWNuHxL9m51xya66OR17oHvbsUYix_q-icjwqHq4joJr-t7SywHl2Oaijs5LQb21gKDZmRCFhrcpMr4xvsXplXW0Q=w531-h298-k-no,"Parkir, Toilet, AC","QQXX+MC Palmerah, Kota Jakarta Barat, Daerah Khusus Ibukota Jakarta",,5,2026-08-28T16:24:47.835413
aula,Aula Karang Taruna,Aula Karang Taruna,Aula Karang Taruna,"
Rawa Belong 2 No.3, RT.3/RW.11, Palmerah, Kec. Palmerah, Kota Jakarta Barat, Daerah Khusus Ibukota Jakarta 11480",-6.2015948,106.7882547,,,,"Rabu: sore dan Jumat sore di tunggu
Jumat: sore di tunggu",,,sore dan Jumat sore di tunggu,,sore di tunggu,,,05873167537,,,,,"https://www.google.com/maps/place/Aula+Karang+Taruna/@-6.2015948,106.7882547,17z/data=!3m1!4b1!4m6!3m5!1s0x2e69f6c3df1f7e67:0x6a69ab05ff820672!8m2!3d-6.2015948!4d106.7882547!16s%2Fg%2F11b6gjmmnm?entry=ttu&g_ep=EgoyMDI2MDgyNS4wIKXMDSoASAFQAw%3D%3D",13,https://lh3.googleusercontent.com/gps-cs-s/AHRPTWlP1tBh7Z-V1-QmunPCQs4eV8QgO1CtnKW0XsvbI_V93tmU1VM0Zt2CH_tsgXcBdeaJkq03DlxYww02SECvUZvaWM0mg7bAhlsYiXJq0UH6sZ8WuSoxgFD1zizNFFlzhnb0AL5-=w32-h32-p-k-no | https://lh3.googleusercontent.com/gps-cs-s/AHRPTWlP1tBh7Z-V1-QmunPCQs4eV8QgO1CtnKW0XsvbI_V93tmU1VM0Zt2CH_tsgXcBdeaJkq03DlxYww02SECvUZvaWM0mg7bAhlsYiXJq0UH6sZ8WuSoxgFD1zizNFFlzhnb0AL5-=w408-h306-k-no | https://lh3.googleusercontent.com/gps-cs-s/AHRPTWlP1tBh7Z-V1-QmunPCQs4eV8QgO1CtnKW0XsvbI_V93tmU1VM0Zt2CH_tsgXcBdeaJkq03DlxYww02SECvUZvaWM0mg7bAhlsYiXJq0UH6sZ8WuSoxgFD1zizNFFlzhnb0AL5-=w397-h298-k-no,"Parkir, AC","QQXQ+98 Palmerah, Kota Jakarta Barat, Daerah Khusus Ibukota Jakarta",,5,2026-08-28T16:25:29.865802
aula,Nafiri Convention Hall Central Park,,,"
Jl. Letjen S. Parman No.28 12, RT.12/RW.6, Tj. Duren Sel., Kec. Grogol petamburan, Kota Jakarta Barat, Daerah Khusus Ibukota Jakarta 11470",-6.1765856,106.7915794,,,Buka · Tutup pukul 22.00,"Senin: 10.00–22.00
Selasa: 10.00–22.00
Rabu: 10.00–22.00
Kamis: 10.00–22.00
Jumat: 10.00–22.00
Sabtu: 10.00–22.00
Minggu: 10.00–22.00",10.00–22.00,10.00–22.00,10.00–22.00,10.00–22.00,10.00–22.00,10.00–22.00,10.00–22.00,021) 56985388,http://www.ndcministry.org/,,,,"https://www.google.com/maps/place/Nafiri+Convention+Hall+Central+Park/@-6.1765856,106.7915794,17z/data=!3m1!4b1!4m6!3m5!1s0x2e69f65f9d433c71:0xad127915e1bac9b!8m2!3d-6.1765856!4d106.7915794!16s%2Fg%2F11c37_44hv?entry=ttu&g_ep=EgoyMDI2MDgyNS4wIKXMDSoASAFQAw%3D%3D",12,https://lh3.googleusercontent.com/gps-cs-s/AHRPTWkq1aI4dxHuydijoFs80DKLF8rHB9MzKkvgUusqI0UAnHDEhlUy6OxjB8zp24RBY4x8orMXiMM3AE6TRdb8PY-ZDEXoIsXdo39Yilf_59I0APtevuYRDLblrPe6SYuCwDIq30zM=w32-h32-p-k-no | https://lh3.googleusercontent.com/gps-cs-s/AHRPTWkq1aI4dxHuydijoFs80DKLF8rHB9MzKkvgUusqI0UAnHDEhlUy6OxjB8zp24RBY4x8orMXiMM3AE6TRdb8PY-ZDEXoIsXdo39Yilf_59I0APtevuYRDLblrPe6SYuCwDIq30zM=w408-h306-k-no | https://lh3.googleusercontent.com/gps-cs-s/AHRPTWkq1aI4dxHuydijoFs80DKLF8rHB9MzKkvgUusqI0UAnHDEhlUy6OxjB8zp24RBY4x8orMXiMM3AE6TRdb8PY-ZDEXoIsXdo39Yilf_59I0APtevuYRDLblrPe6SYuCwDIq30zM=w397-h298-k-no,Parkir,"RQFR+9J Tj. Duren Sel., Kota Jakarta Barat, Daerah Khusus Ibukota Jakarta",,5,2026-08-28T16:26:11.796072
aula,Aula An-nur,Aula An-nur,Aula An-nur,"
Gg. Srikaya No.4, RT.4/RW.12, Palmerah, Kec. Palmerah, Kota Jakarta Barat, Daerah Khusus Ibukota Jakarta 11480",-6.1980015,106.7851997,,,Buka · Tutup pukul 17.30,"Senin: 06.00–17.30
Selasa: 06.00–17.30
Rabu: 06.00–17.30
Kamis: 06.00–17.30
Jumat: 06.00–17.30
Sabtu: 06.00–17.30
Minggu: 06.00–17.30",06.00–17.30,06.00–17.30,06.00–17.30,06.00–17.30,06.00–17.30,06.00–17.30,06.00–17.30,0877-8474-2735,,,,,"https://www.google.com/maps/place/Aula+An-nur/@-6.1980015,106.7851997,17z/data=!3m1!4b1!4m6!3m5!1s0x2e69f7d348fbbbfb:0x2d4a7703cd17c59d!8m2!3d-6.1980015!4d106.7851997!16s%2Fg%2F11h_ttn3n3?entry=ttu&g_ep=EgoyMDI2MDgyNS4wIKXMDSoASAFQAw%3D%3D",9,https://lh3.googleusercontent.com/gps-cs-s/AHRPTWnf1E1Xo3BKWU_njJDvG8squPXqu8h0TDvkNRsrDEjDRRRcHGGA61wz9saTlcG5_Bay-FQ4yRTyTrog-rf1fyRp1Vqd6ajmW3d8RuPmq7NlYnX43xlZdjcXp_Jvrv360T1YD_vHZQ=w32-h32-p-k-no | https://lh3.googleusercontent.com/gps-cs-s/AHRPTWnf1E1Xo3BKWU_njJDvG8squPXqu8h0TDvkNRsrDEjDRRRcHGGA61wz9saTlcG5_Bay-FQ4yRTyTrog-rf1fyRp1Vqd6ajmW3d8RuPmq7NlYnX43xlZdjcXp_Jvrv360T1YD_vHZQ=w408-h306-k-no | https://lh3.googleusercontent.com/gps-cs-s/AHRPTWnOThcZcU0qLqRkMxnBBfOSYBmIksnHGgkJk3nWSdNcczo0nPtlJDi1KZyUyg1n-ZqJ0DLiFrEkjqljXHR18jSgDwm4mgBWzUZZuT3pw7ibEY5CzC2n50wMP98mOw0HStu7c-I=w360-h270-k-no,Parkir,"RQ2P+Q3 Palmerah, Kota Jakarta Barat, Daerah Khusus Ibukota Jakarta",,2,2026-08-28T16:26:53.182871
aula,Kemala Ballroom,,,"
Jl. Arjuna Utara No.9, RT.1/RW.2, Duri Kepa, Kec. Kb. Jeruk, Kota Jakarta Barat, Daerah Khusus Ibukota Jakarta 11510",-6.1853077,106.7790606,,,tutup · 17.00 · Buka Sab pukul 10.0,"Senin: 10.00–17.00
Selasa: 10.00–17.00
Rabu: 10.00–17.00
Kamis: 10.00–17.00
Jumat: 10.00–17.00
Sabtu: 10.00–17.00
Minggu: 10.00–17.00",10.00–17.00,10.00–17.00,10.00–17.00,10.00–17.00,10.00–17.00,10.00–17.00,10.00–17.00,0851-4728-7880,,,,,"https://www.google.com/maps/place/Kemala+Ballroom/@-6.1853077,106.7790606,17z/data=!3m1!4b1!4m6!3m5!1s0x2e69f6fbae909675:0x8dfe621fa81778c4!8m2!3d-6.1853077!4d106.7790606!16s%2Fg%2F11cjj6pnsy?entry=ttu&g_ep=EgoyMDI2MDgyNS4wIKXMDSoASAFQAw%3D%3D",12,https://lh3.googleusercontent.com/gps-cs-s/AHRPTWmRYY3mO7jBuDxgXtiBlGT_41dm-A0joTyLCnrcWJpb6W2YCuPqYjF61v3WzKp8AZ__ZHEYuozvoIS4JpRkGKoYo2gOPhWIMLMmCp-RTQAZLT4zjKzRS8Vbw5QWX0M0AlIi-PbZ=w32-h32-p-k-no | https://lh3.googleusercontent.com/gps-cs-s/AHRPTWmRYY3mO7jBuDxgXtiBlGT_41dm-A0joTyLCnrcWJpb6W2YCuPqYjF61v3WzKp8AZ__ZHEYuozvoIS4JpRkGKoYo2gOPhWIMLMmCp-RTQAZLT4zjKzRS8Vbw5QWX0M0AlIi-PbZ=w408-h544-k-no | https://lh3.googleusercontent.com/gps-cs-s/AHRPTWmRYY3mO7jBuDxgXtiBlGT_41dm-A0joTyLCnrcWJpb6W2YCuPqYjF61v3WzKp8AZ__ZHEYuozvoIS4JpRkGKoYo2gOPhWIMLMmCp-RTQAZLT4zjKzRS8Vbw5QWX0M0AlIi-PbZ=w224-h298-k-no,"Parkir, AC","RQ7H+VJ Duri Kepa, Kota Jakarta Barat, Daerah Khusus Ibukota Jakarta",,5,2026-08-28T16:27:36.594916
