place_id,day,hour,busy_percent
cb6fe4da-326e-5b16-b904-aa9012c65f33,Senin,4,3
cb6fe4da-326e-5b16-b904-aa9012c65f33,Senin,5,5
cb6fe4da-326e-5b16-b904-aa9012c65f33,Senin,6,8
cb6fe4da-326e-5b16-b904-aa9012c65f33,Senin,7,11
cb6fe4da-326e-5b16-b904-aa9012c65f33,Senin,8,13
cb6fe4da-326e-5b16-b904-aa9012c65f33,Senin,9,16
cb6fe4da-326e-5b16-b904-aa9012c65f33,Senin,10,22
cb6fe4da-326e-5b16-b904-aa9012c65f33,Senin,11,29
cb6fe4da-326e-5b16-b904-aa9012c65f33,Senin,12,31
cb6fe4da-326e-5b16-b904-aa9012c65f33,Senin,13,27
cb6fe4da-326e-5b16-b904-aa9012c65f33,Senin,14,23
cb6fe4da-326e-5b16-b904-aa9012c65f33,Senin,15,21
cb6fe4da-326e-5b16-b904-aa9012c65f33,Senin,16,22
cb6fe4da-326e-5b16-b904-aa9012c65f33,Senin,17,22
cb6fe4da-326e-5b16-b904-aa9012c65f33,Senin,18,21
cb6fe4da-326e-5b16-b904-aa9012c65f33,Senin,19,20
cb6fe4da-326e-5b16-b904-aa9012c65f33,Senin,20,19
cb6fe4da-326e-5b16-b904-aa9012c65f33,Senin,21,18
cb6fe4da-326e-5b16-b904-aa9012c65f33,Senin,22,14
cb6fe4da-326e-5b16-b904-aa9012c65f33,Senin,23,10
6bda3d68-06c7-5300-bb0f-e0aef72c486d,Senin,6,0
6bda3d68-06c7-5300-bb0f-e0aef72c486d,Senin,7,0
6bda3d68-06c7-5300-bb0f-e0aef72c486d,Senin,8,0
6bda3d68-06c7-5300-bb0f-e0aef72c486d,Senin,9,0
6bda3d68-06c7-5300-bb0f-e0aef72c486d,Senin,10,0
6bda3d68-06c7-5300-bb0f-e0aef72c486d,Senin,11,10
6bda3d68-06c7-5300-bb0f-e0aef72c486d,Senin,12,14
6bda3d68-06c7-5300-bb0f-e0aef72c486d,Senin,13,16
6bda3d68-06c7-5300-bb0f-e0aef72c486d,Senin,14,17
6bda3d68-06c7-5300-bb0f-e0aef72c486d,Senin,15,22
6bda3d68-06c7-5300-bb0f-e0aef72c486d,Senin,16,29
6bda3d68-06c7-5300-bb0f-e0aef72c486d,Senin,17,38
6bda3d68-06c7-5300-bb0f-e0aef72c486d,Senin,18,46
6bda3d68-06c7-5300-bb0f-e0aef72c486d,Senin,19,46
6bda3d68-06c7-5300-bb0f-e0aef72c486d,Senin,20,48
6bda3d68-06c7-5300-bb0f-e0aef72c486d,Senin,21,49
6bda3d68-06c7-5300-bb0f-e0aef72c486d,Senin,22,53
6bda3d68-06c7-5300-bb0f-e0aef72c486d,Senin,23,48
6bda3d68-06c7-5300-bb0f-e0aef72c486d,Senin,0,34
6bda3d68-06c7-5300-bb0f-e0aef72c486d,Senin,1,22
2d67d794-a276-5038-9ba8-d51bfdbef948,Senin,5,0
2d67d794-a276-5038-9ba8-d51bfdbef948,Senin,6,19
2d67d794-a276-5038-9ba8-d51bfdbef948,Senin,7,29
2d67d794-a276-5038-9ba8-d51bfdbef948,Senin,8,39
2d67d794-a276-5038-9ba8-d51bfdbef948,Senin,9,44
2d67d794-a276-5038-9ba8-d51bfdbef948,Senin,10,45
2d67d794-a276-5038-9ba8-d51bfdbef948,Senin,11,41
2d67d794-a276-5038-9ba8-d51bfdbef948,Senin,12,35
2d67d794-a276-5038-9ba8-d51bfdbef948,Senin,13,33
2d67d794-a276-5038-9ba8-d51bfdbef948,Senin,14,39
2d67d794-a276-5038-9ba8-d51bfdbef948,Senin,15,52
2d67d794-a276-5038-9ba8-d51bfdbef948,Senin,16,67
2d67d794-a276-5038-9ba8-d51bfdbef948,Senin,17,76
2d67d794-a276-5038-9ba8-d51bfdbef948,Senin,18,72
2d67d794-a276-5038-9ba8-d51bfdbef948,Senin,19,60
2d67d794-a276-5038-9ba8-d51bfdbef948,Senin,20,45
2d67d794-a276-5038-9ba8-d51bfdbef948,Senin,21,33
2d67d794-a276-5038-9ba8-d51bfdbef948,Senin,22,24
2d67d794-a276-5038-9ba8-d51bfdbef948,Senin,23,18
1baaafac-f894-5022-b084-4100f0ab7244,Senin,6,0
1baaafac-f894-5022-b084-4100f0ab7244,Senin,7,0
1baaafac-f894-5022-b084-4100f0ab7244,Senin,8,0
1baaafac-f894-5022-b084-4100f0ab7244,Senin,9,0
1baaafac-f894-5022-b084-4100f0ab7244,Senin,10,0
1baaafac-f894-5022-b084-4100f0ab7244,Senin,11,0
1baaafac-f894-5022-b084-4100f0ab7244,Senin,12,0
1baaafac-f894-5022-b084-4100f0ab7244,Senin,13,10
1baaafac-f894-5022-b084-4100f0ab7244,Senin,14,15
1baaafac-f894-5022-b084-4100f0ab7244,Senin,15,23
1baaafac-f894-5022-b084-4100f0ab7244,Senin,16,34
1baaafac-f894-5022-b084-4100f0ab7244,Senin,17,46
1baaafac-f894-5022-b084-4100f0ab7244,Senin,18,53
1baaafac-f894-5022-b084-4100f0ab7244,Senin,19,60
1baaafac-f894-5022-b084-4100f0ab7244,Senin,20,62
1baaafac-f894-5022-b084-4100f0ab7244,Senin,21,59
1baaafac-f894-5022-b084-4100f0ab7244,Senin,22,45
1baaafac-f894-5022-b084-4100f0ab7244,Senin,23,0
cd79040c-b185-57a0-a201-5ee41101c098,Senin,4,16
cd79040c-b185-57a0-a201-5ee41101c098,Senin,5,24
cd79040c-b185-57a0-a201-5ee41101c098,Senin,6,38
cd79040c-b185-57a0-a201-5ee41101c098,Senin,7,57
cd79040c-b185-57a0-a201-5ee41101c098,Senin,8,67
cd79040c-b185-57a0-a201-5ee41101c098,Senin,9,71
cd79040c-b185-57a0-a201-5ee41101c098,Senin,10,68
cd79040c-b185-57a0-a201-5ee41101c098,Senin,11,63
cd79040c-b185-57a0-a201-5ee41101c098,Senin,12,58
cd79040c-b185-57a0-a201-5ee41101c098,Senin,13,56
cd79040c-b185-57a0-a201-5ee41101c098,Senin,14,62
cd79040c-b185-57a0-a201-5ee41101c098,Senin,15,80
cd79040c-b185-57a0-a201-5ee41101c098,Senin,16,98
cd79040c-b185-57a0-a201-5ee41101c098,Senin,17,100
cd79040c-b185-57a0-a201-5ee41101c098,Senin,18,76
cd79040c-b185-57a0-a201-5ee41101c098,Senin,19,64
cd79040c-b185-57a0-a201-5ee41101c098,Senin,20,59
cd79040c-b185-57a0-a201-5ee41101c098,Senin,21,62
cd79040c-b185-57a0-a201-5ee41101c098,Senin,22,60
cd79040c-b185-57a0-a201-5ee41101c098,Senin,23,51
347397bb-f3b4-56f6-88ce-10e294cf3183,Senin,6,0
347397bb-f3b4-56f6-88ce-10e294cf3183,Senin,7,60
347397bb-f3b4-56f6-88ce-10e294cf3183,Senin,8,85
347397bb-f3b4-56f6-88ce-10e294cf3183,Senin,9,89
347397bb-f3b4-56f6-88ce-10e294cf3183,Senin,10,81
347397bb-f3b4-56f6-88ce-10e294cf3183,Senin,11,67
347397bb-f3b4-56f6-88ce-10e294cf3183,Senin,12,61
347397bb-f3b4-56f6-88ce-10e294cf3183,Senin,13,59
347397bb-f3b4-56f6-88ce-10e294cf3183,Senin,14,66
347397bb-f3b4-56f6-88ce-10e294cf3183,Senin,15,79
347397bb-f3b4-56f6-88ce-10e294cf3183,Senin,16,100
347397bb-f3b4-56f6-88ce-10e294cf3183,Senin,17,0
347397bb-f3b4-56f6-88ce-10e294cf3183,Senin,18,0
347397bb-f3b4-56f6-88ce-10e294cf3183,Senin,19,0
347397bb-f3b4-56f6-88ce-10e294cf3183,Senin,20,0
347397bb-f3b4-56f6-88ce-10e294cf3183,Senin,21,0
347397bb-f3b4-56f6-88ce-10e294cf3183,Senin,22,0
347397bb-f3b4-56f6-88ce-10e294cf3183,Senin,23,0
347397bb-f3b4-56f6-88ce-10e294cf3183,Senin,7,46
98afbc3f-dd98-5b75-891a-8ccad4efdb2c,Senin,4,24
98afbc3f-dd98-5b75-891a-8ccad4efdb2c,Senin,5,24
98afbc3f-dd98-5b75-891a-8ccad4efdb2c,Senin,6,19
98afbc3f-dd98-5b75-891a-8ccad4efdb2c,Senin,7,17
98afbc3f-dd98-5b75-891a-8ccad4efdb2c,Senin,8,17
98afbc3f-dd98-5b75-891a-8ccad4efdb2c,Senin,9,9
98afbc3f-dd98-5b75-891a-8ccad4efdb2c,Senin,10,12
98afbc3f-dd98-5b75-891a-8ccad4efdb2c,Senin,11,4
98afbc3f-dd98-5b75-891a-8ccad4efdb2c,Senin,12,4
98afbc3f-dd98-5b75-891a-8ccad4efdb2c,Senin,13,9
98afbc3f-dd98-5b75-891a-8ccad4efdb2c,Senin,14,17
98afbc3f-dd98-5b75-891a-8ccad4efdb2c,Senin,15,29
98afbc3f-dd98-5b75-891a-8ccad4efdb2c,Senin,16,26
98afbc3f-dd98-5b75-891a-8ccad4efdb2c,Senin,17,24
98afbc3f-dd98-5b75-891a-8ccad4efdb2c,Senin,18,21
98afbc3f-dd98-5b75-891a-8ccad4efdb2c,Senin,19,24
98afbc3f-dd98-5b75-891a-8ccad4efdb2c,Senin,20,34
98afbc3f-dd98-5b75-891a-8ccad4efdb2c,Senin,21,48
98afbc3f-dd98-5b75-891a-8ccad4efdb2c,Senin,22,53
98afbc3f-dd98-5b75-891a-8ccad4efdb2c,Senin,23,46
3af72c58-8af9-5594-9b7a-1a32b7aa6b7e,Senin,4,14
3af72c58-8af9-5594-9b7a-1a32b7aa6b7e,Senin,5,20
3af72c58-8af9-5594-9b7a-1a32b7aa6b7e,Senin,6,21
3af72c58-8af9-5594-9b7a-1a32b7aa6b7e,Senin,7,26
3af72c58-8af9-5594-9b7a-1a32b7aa6b7e,Senin,8,25
3af72c58-8af9-5594-9b7a-1a32b7aa6b7e,Senin,9,26
3af72c58-8af9-5594-9b7a-1a32b7aa6b7e,Senin,10,21
3af72c58-8af9-5594-9b7a-1a32b7aa6b7e,Senin,11,23
3af72c58-8af9-5594-9b7a-1a32b7aa6b7e,Senin,12,23
3af72c58-8af9-5594-9b7a-1a32b7aa6b7e,Senin,13,28
3af72c58-8af9-5594-9b7a-1a32b7aa6b7e,Senin,14,39
3af72c58-8af9-5594-9b7a-1a32b7aa6b7e,Senin,15,60
3af72c58-8af9-5594-9b7a-1a32b7aa6b7e,Senin,16,82
3af72c58-8af9-5594-9b7a-1a32b7aa6b7e,Senin,17,87
3af72c58-8af9-5594-9b7a-1a32b7aa6b7e,Senin,18,70
3af72c58-8af9-5594-9b7a-1a32b7aa6b7e,Senin,19,60
3af72c58-8af9-5594-9b7a-1a32b7aa6b7e,Senin,20,56
3af72c58-8af9-5594-9b7a-1a32b7aa6b7e,Senin,21,67
3af72c58-8af9-5594-9b7a-1a32b7aa6b7e,Senin,22,71
3af72c58-8af9-5594-9b7a-1a32b7aa6b7e,Senin,23,60
a799dc75-2e43-543b-969f-97aa5cfe5d9e,Senin,4,22
a799dc75-2e43-543b-969f-97aa5cfe5d9e,Senin,5,33
a799dc75-2e43-543b-969f-97aa5cfe5d9e,Senin,6,38
a799dc75-2e43-543b-969f-97aa5cfe5d9e,Senin,7,55
a799dc75-2e43-543b-969f-97aa5cfe5d9e,Senin,8,50
a799dc75-2e43-543b-969f-97aa5cfe5d9e,Senin,9,50
a799dc75-2e43-543b-969f-97aa5cfe5d9e,Senin,10,33
a799dc75-2e43-543b-969f-97aa5cfe5d9e,Senin,11,33
a799dc75-2e43-543b-969f-97aa5cfe5d9e,Senin,12,33
a799dc75-2e43-543b-969f-97aa5cfe5d9e,Senin,13,44
a799dc75-2e43-543b-969f-97aa5cfe5d9e,Senin,14,33
a799dc75-2e43-543b-969f-97aa5cfe5d9e,Senin,15,38
a799dc75-2e43-543b-969f-97aa5cfe5d9e,Senin,16,22
a799dc75-2e43-543b-969f-97aa5cfe5d9e,Senin,17,38
a799dc75-2e43-543b-969f-97aa5cfe5d9e,Senin,18,55
a799dc75-2e43-543b-969f-97aa5cfe5d9e,Senin,19,61
a799dc75-2e43-543b-969f-97aa5cfe5d9e,Senin,20,55
a799dc75-2e43-543b-969f-97aa5cfe5d9e,Senin,21,33
a799dc75-2e43-543b-969f-97aa5cfe5d9e,Senin,22,33
a799dc75-2e43-543b-969f-97aa5cfe5d9e,Senin,23,33
b35883fe-7d8f-5704-877e-841fc17c65c6,Senin,4,15
b35883fe-7d8f-5704-877e-841fc17c65c6,Senin,5,19
b35883fe-7d8f-5704-877e-841fc17c65c6,Senin,6,30
b35883fe-7d8f-5704-877e-841fc17c65c6,Senin,7,45
b35883fe-7d8f-5704-877e-841fc17c65c6,Senin,8,60
b35883fe-7d8f-5704-877e-841fc17c65c6,Senin,9,70
b35883fe-7d8f-5704-877e-841fc17c65c6,Senin,10,83
b35883fe-7d8f-5704-877e-841fc17c65c6,Senin,11,82
b35883fe-7d8f-5704-877e-841fc17c65c6,Senin,12,82
b35883fe-7d8f-5704-877e-841fc17c65c6,Senin,13,77
b35883fe-7d8f-5704-877e-841fc17c65c6,Senin,14,84
b35883fe-7d8f-5704-877e-841fc17c65c6,Senin,15,90
b35883fe-7d8f-5704-877e-841fc17c65c6,Senin,16,100
b35883fe-7d8f-5704-877e-841fc17c65c6,Senin,17,96
b35883fe-7d8f-5704-877e-841fc17c65c6,Senin,18,86
b35883fe-7d8f-5704-877e-841fc17c65c6,Senin,19,87
b35883fe-7d8f-5704-877e-841fc17c65c6,Senin,20,84
b35883fe-7d8f-5704-877e-841fc17c65c6,Senin,21,80
b35883fe-7d8f-5704-877e-841fc17c65c6,Senin,22,68
b35883fe-7d8f-5704-877e-841fc17c65c6,Senin,23,58
883d2ce2-2569-5c3d-b781-c5d14c386085,Senin,4,29
883d2ce2-2569-5c3d-b781-c5d14c386085,Senin,5,11
883d2ce2-2569-5c3d-b781-c5d14c386085,Senin,6,11
883d2ce2-2569-5c3d-b781-c5d14c386085,Senin,7,23
883d2ce2-2569-5c3d-b781-c5d14c386085,Senin,8,41
883d2ce2-2569-5c3d-b781-c5d14c386085,Senin,9,47
883d2ce2-2569-5c3d-b781-c5d14c386085,Senin,10,41
883d2ce2-2569-5c3d-b781-c5d14c386085,Senin,11,58
883d2ce2-2569-5c3d-b781-c5d14c386085,Senin,12,70
883d2ce2-2569-5c3d-b781-c5d14c386085,Senin,13,76
883d2ce2-2569-5c3d-b781-c5d14c386085,Senin,14,82
883d2ce2-2569-5c3d-b781-c5d14c386085,Senin,15,70
883d2ce2-2569-5c3d-b781-c5d14c386085,Senin,16,47
883d2ce2-2569-5c3d-b781-c5d14c386085,Senin,17,29
883d2ce2-2569-5c3d-b781-c5d14c386085,Senin,18,35
883d2ce2-2569-5c3d-b781-c5d14c386085,Senin,19,47
883d2ce2-2569-5c3d-b781-c5d14c386085,Senin,20,64
883d2ce2-2569-5c3d-b781-c5d14c386085,Senin,21,52
883d2ce2-2569-5c3d-b781-c5d14c386085,Senin,22,58
883d2ce2-2569-5c3d-b781-c5d14c386085,Senin,23,41
ef4cea0a-e34e-5d3f-bc7f-7b752183576a,Senin,6,0
ef4cea0a-e34e-5d3f-bc7f-7b752183576a,Senin,7,0
ef4cea0a-e34e-5d3f-bc7f-7b752183576a,Senin,8,19
ef4cea0a-e34e-5d3f-bc7f-7b752183576a,Senin,9,25
ef4cea0a-e34e-5d3f-bc7f-7b752183576a,Senin,10,29
ef4cea0a-e34e-5d3f-bc7f-7b752183576a,Senin,11,33
ef4cea0a-e34e-5d3f-bc7f-7b752183576a,Senin,12,33
ef4cea0a-e34e-5d3f-bc7f-7b752183576a,Senin,13,31
ef4cea0a-e34e-5d3f-bc7f-7b752183576a,Senin,14,30
ef4cea0a-e34e-5d3f-bc7f-7b752183576a,Senin,15,33
ef4cea0a-e34e-5d3f-bc7f-7b752183576a,Senin,16,40
ef4cea0a-e34e-5d3f-bc7f-7b752183576a,Senin,17,49
ef4cea0a-e34e-5d3f-bc7f-7b752183576a,Senin,18,56
ef4cea0a-e34e-5d3f-bc7f-7b752183576a,Senin,19,62
ef4cea0a-e34e-5d3f-bc7f-7b752183576a,Senin,20,62
ef4cea0a-e34e-5d3f-bc7f-7b752183576a,Senin,21,57
ef4cea0a-e34e-5d3f-bc7f-7b752183576a,Senin,22,47
ef4cea0a-e34e-5d3f-bc7f-7b752183576a,Senin,23,0
b094579c-ecb4-5923-bac5-c4b1bcdeb033,Senin,6,0
b094579c-ecb4-5923-bac5-c4b1bcdeb033,Senin,7,22
b094579c-ecb4-5923-bac5-c4b1bcdeb033,Senin,8,30
b094579c-ecb4-5923-bac5-c4b1bcdeb033,Senin,9,38
b094579c-ecb4-5923-bac5-c4b1bcdeb033,Senin,10,42
b094579c-ecb4-5923-bac5-c4b1bcdeb033,Senin,11,43
b094579c-ecb4-5923-bac5-c4b1bcdeb033,Senin,12,43
b094579c-ecb4-5923-bac5-c4b1bcdeb033,Senin,13,44
b094579c-ecb4-5923-bac5-c4b1bcdeb033,Senin,14,46
b094579c-ecb4-5923-bac5-c4b1bcdeb033,Senin,15,50
b094579c-ecb4-5923-bac5-c4b1bcdeb033,Senin,16,50
b094579c-ecb4-5923-bac5-c4b1bcdeb033,Senin,17,48
b094579c-ecb4-5923-bac5-c4b1bcdeb033,Senin,18,0
b094579c-ecb4-5923-bac5-c4b1bcdeb033,Senin,19,0
b094579c-ecb4-5923-bac5-c4b1bcdeb033,Senin,20,0
b094579c-ecb4-5923-bac5-c4b1bcdeb033,Senin,21,0
b094579c-ecb4-5923-bac5-c4b1bcdeb033,Senin,22,0
b094579c-ecb4-5923-bac5-c4b1bcdeb033,Senin,23,0
53add3ec-6af7-517e-9d6b-36707127352d,Senin,6,0
53add3ec-6af7-517e-9d6b-36707127352d,Senin,7,0
53add3ec-6af7-517e-9d6b-36707127352d,Senin,8,32
53add3ec-6af7-517e-9d6b-36707127352d,Senin,9,39
53add3ec-6af7-517e-9d6b-36707127352d,Senin,10,43
53add3ec-6af7-517e-9d6b-36707127352d,Senin,11,42
53add3ec-6af7-517e-9d6b-36707127352d,Senin,12,41
53add3ec-6af7-517e-9d6b-36707127352d,Senin,13,39
53add3ec-6af7-517e-9d6b-36707127352d,Senin,14,39
53add3ec-6af7-517e-9d6b-36707127352d,Senin,15,48
53add3ec-6af7-517e-9d6b-36707127352d,Senin,16,55
53add3ec-6af7-517e-9d6b-36707127352d,Senin,17,66
53add3ec-6af7-517e-9d6b-36707127352d,Senin,18,71
53add3ec-6af7-517e-9d6b-36707127352d,Senin,19,74
53add3ec-6af7-517e-9d6b-36707127352d,Senin,20,74
53add3ec-6af7-517e-9d6b-36707127352d,Senin,21,74
53add3ec-6af7-517e-9d6b-36707127352d,Senin,22,65
53add3ec-6af7-517e-9d6b-36707127352d,Senin,23,0
0e562db3-23df-5a4a-a15e-ceb1b38e748f,Senin,6,0
0e562db3-23df-5a4a-a15e-ceb1b38e748f,Senin,7,0
0e562db3-23df-5a4a-a15e-ceb1b38e748f,Senin,8,0
0e562db3-23df-5a4a-a15e-ceb1b38e748f,Senin,9,39
0e562db3-23df-5a4a-a15e-ceb1b38e748f,Senin,10,41
0e562db3-23df-5a4a-a15e-ceb1b38e748f,Senin,11,40
0e562db3-23df-5a4a-a15e-ceb1b38e748f,Senin,12,38
0e562db3-23df-5a4a-a15e-ceb1b38e748f,Senin,13,39
0e562db3-23df-5a4a-a15e-ceb1b38e748f,Senin,14,44
0e562db3-23df-5a4a-a15e-ceb1b38e748f,Senin,15,49
0e562db3-23df-5a4a-a15e-ceb1b38e748f,Senin,16,51
0e562db3-23df-5a4a-a15e-ceb1b38e748f,Senin,17,50
0e562db3-23df-5a4a-a15e-ceb1b38e748f,Senin,18,50
0e562db3-23df-5a4a-a15e-ceb1b38e748f,Senin,19,58
0e562db3-23df-5a4a-a15e-ceb1b38e748f,Senin,20,72
0e562db3-23df-5a4a-a15e-ceb1b38e748f,Senin,21,88
0e562db3-23df-5a4a-a15e-ceb1b38e748f,Senin,22,88
0e562db3-23df-5a4a-a15e-ceb1b38e748f,Senin,23,0
78915963-aff6-5ec6-8f9a-17ecffd352b7,Senin,6,0
78915963-aff6-5ec6-8f9a-17ecffd352b7,Senin,7,18
78915963-aff6-5ec6-8f9a-17ecffd352b7,Senin,8,23
78915963-aff6-5ec6-8f9a-17ecffd352b7,Senin,9,29
78915963-aff6-5ec6-8f9a-17ecffd352b7,Senin,10,36
78915963-aff6-5ec6-8f9a-17ecffd352b7,Senin,11,39
78915963-aff6-5ec6-8f9a-17ecffd352b7,Senin,12,39
78915963-aff6-5ec6-8f9a-17ecffd352b7,Senin,13,40
78915963-aff6-5ec6-8f9a-17ecffd352b7,Senin,14,44
78915963-aff6-5ec6-8f9a-17ecffd352b7,Senin,15,51
78915963-aff6-5ec6-8f9a-17ecffd352b7,Senin,16,60
78915963-aff6-5ec6-8f9a-17ecffd352b7,Senin,17,67
78915963-aff6-5ec6-8f9a-17ecffd352b7,Senin,18,68
78915963-aff6-5ec6-8f9a-17ecffd352b7,Senin,19,66
78915963-aff6-5ec6-8f9a-17ecffd352b7,Senin,20,0
78915963-aff6-5ec6-8f9a-17ecffd352b7,Senin,21,0
78915963-aff6-5ec6-8f9a-17ecffd352b7,Senin,22,0
78915963-aff6-5ec6-8f9a-17ecffd352b7,Senin,23,0
78915963-aff6-5ec6-8f9a-17ecffd352b7,Senin,7,0
45ff1778-4a4e-5fdf-bc59-8849c128d18a,Senin,5,0
45ff1778-4a4e-5fdf-bc59-8849c128d18a,Senin,6,22
45ff1778-4a4e-5fdf-bc59-8849c128d18a,Senin,7,25
45ff1778-4a4e-5fdf-bc59-8849c128d18a,Senin,8,31
45ff1778-4a4e-5fdf-bc59-8849c128d18a,Senin,9,36
45ff1778-4a4e-5fdf-bc59-8849c128d18a,Senin,10,37
45ff1778-4a4e-5fdf-bc59-8849c128d18a,Senin,11,37
45ff1778-4a4e-5fdf-bc59-8849c128d18a,Senin,12,36
45ff1778-4a4e-5fdf-bc59-8849c128d18a,Senin,13,37
45ff1778-4a4e-5fdf-bc59-8849c128d18a,Senin,14,40
45ff1778-4a4e-5fdf-bc59-8849c128d18a,Senin,15,48
45ff1778-4a4e-5fdf-bc59-8849c128d18a,Senin,16,57
45ff1778-4a4e-5fdf-bc59-8849c128d18a,Senin,17,69
45ff1778-4a4e-5fdf-bc59-8849c128d18a,Senin,18,72
45ff1778-4a4e-5fdf-bc59-8849c128d18a,Senin,19,79
45ff1778-4a4e-5fdf-bc59-8849c128d18a,Senin,20,82
45ff1778-4a4e-5fdf-bc59-8849c128d18a,Senin,21,88
45ff1778-4a4e-5fdf-bc59-8849c128d18a,Senin,22,83
45ff1778-4a4e-5fdf-bc59-8849c128d18a,Senin,23,73
46873744-d498-5028-8fcc-9d27a881cc83,Senin,5,0
46873744-d498-5028-8fcc-9d27a881cc83,Senin,6,41
46873744-d498-5028-8fcc-9d27a881cc83,Senin,7,44
46873744-d498-5028-8fcc-9d27a881cc83,Senin,8,49
46873744-d498-5028-8fcc-9d27a881cc83,Senin,9,52
46873744-d498-5028-8fcc-9d27a881cc83,Senin,10,60
46873744-d498-5028-8fcc-9d27a881cc83,Senin,11,65
46873744-d498-5028-8fcc-9d27a881cc83,Senin,12,64
46873744-d498-5028-8fcc-9d27a881cc83,Senin,13,55
46873744-d498-5028-8fcc-9d27a881cc83,Senin,14,52
46873744-d498-5028-8fcc-9d27a881cc83,Senin,15,67
46873744-d498-5028-8fcc-9d27a881cc83,Senin,16,76
46873744-d498-5028-8fcc-9d27a881cc83,Senin,17,83
46873744-d498-5028-8fcc-9d27a881cc83,Senin,18,89
46873744-d498-5028-8fcc-9d27a881cc83,Senin,19,93
46873744-d498-5028-8fcc-9d27a881cc83,Senin,20,100
46873744-d498-5028-8fcc-9d27a881cc83,Senin,21,95
46873744-d498-5028-8fcc-9d27a881cc83,Senin,22,0
46873744-d498-5028-8fcc-9d27a881cc83,Senin,6,33
01b94e2a-d5b7-59cf-9062-bd417fac4a76,Senin,4,36
01b94e2a-d5b7-59cf-9062-bd417fac4a76,Senin,5,36
01b94e2a-d5b7-59cf-9062-bd417fac4a76,Senin,6,55
01b94e2a-d5b7-59cf-9062-bd417fac4a76,Senin,7,46
01b94e2a-d5b7-59cf-9062-bd417fac4a76,Senin,8,34
01b94e2a-d5b7-59cf-9062-bd417fac4a76,Senin,9,19
01b94e2a-d5b7-59cf-9062-bd417fac4a76,Senin,10,17
01b94e2a-d5b7-59cf-9062-bd417fac4a76,Senin,11,21
01b94e2a-d5b7-59cf-9062-bd417fac4a76,Senin,12,27
01b94e2a-d5b7-59cf-9062-bd417fac4a76,Senin,13,27
01b94e2a-d5b7-59cf-9062-bd417fac4a76,Senin,14,23
01b94e2a-d5b7-59cf-9062-bd417fac4a76,Senin,15,23
01b94e2a-d5b7-59cf-9062-bd417fac4a76,Senin,16,23
01b94e2a-d5b7-59cf-9062-bd417fac4a76,Senin,17,36
01b94e2a-d5b7-59cf-9062-bd417fac4a76,Senin,18,44
01b94e2a-d5b7-59cf-9062-bd417fac4a76,Senin,19,53
01b94e2a-d5b7-59cf-9062-bd417fac4a76,Senin,20,53
01b94e2a-d5b7-59cf-9062-bd417fac4a76,Senin,21,59
01b94e2a-d5b7-59cf-9062-bd417fac4a76,Senin,22,70
01b94e2a-d5b7-59cf-9062-bd417fac4a76,Senin,23,68
4bdb30b5-2f83-50b3-a44e-6f2517969ed2,Senin,4,31
4bdb30b5-2f83-50b3-a44e-6f2517969ed2,Senin,5,30
4bdb30b5-2f83-50b3-a44e-6f2517969ed2,Senin,6,29
4bdb30b5-2f83-50b3-a44e-6f2517969ed2,Senin,7,29
4bdb30b5-2f83-50b3-a44e-6f2517969ed2,Senin,8,30
4bdb30b5-2f83-50b3-a44e-6f2517969ed2,Senin,9,27
4bdb30b5-2f83-50b3-a44e-6f2517969ed2,Senin,10,28
4bdb30b5-2f83-50b3-a44e-6f2517969ed2,Senin,11,29
4bdb30b5-2f83-50b3-a44e-6f2517969ed2,Senin,12,30
4bdb30b5-2f83-50b3-a44e-6f2517969ed2,Senin,13,34
4bdb30b5-2f83-50b3-a44e-6f2517969ed2,Senin,14,30
4bdb30b5-2f83-50b3-a44e-6f2517969ed2,Senin,15,34
4bdb30b5-2f83-50b3-a44e-6f2517969ed2,Senin,16,33
4bdb30b5-2f83-50b3-a44e-6f2517969ed2,Senin,17,36
4bdb30b5-2f83-50b3-a44e-6f2517969ed2,Senin,18,43
4bdb30b5-2f83-50b3-a44e-6f2517969ed2,Senin,19,54
4bdb30b5-2f83-50b3-a44e-6f2517969ed2,Senin,20,69
4bdb30b5-2f83-50b3-a44e-6f2517969ed2,Senin,21,81
4bdb30b5-2f83-50b3-a44e-6f2517969ed2,Senin,22,86
4bdb30b5-2f83-50b3-a44e-6f2517969ed2,Senin,23,76
f4d81c03-3387-54ac-a5fe-ae0be0d2c347,Senin,6,0
f4d81c03-3387-54ac-a5fe-ae0be0d2c347,Senin,7,0
f4d81c03-3387-54ac-a5fe-ae0be0d2c347,Senin,8,0
f4d81c03-3387-54ac-a5fe-ae0be0d2c347,Senin,9,23
f4d81c03-3387-54ac-a5fe-ae0be0d2c347,Senin,10,19
f4d81c03-3387-54ac-a5fe-ae0be0d2c347,Senin,11,17
f4d81c03-3387-54ac-a5fe-ae0be0d2c347,Senin,12,25
f4d81c03-3387-54ac-a5fe-ae0be0d2c347,Senin,13,36
f4d81c03-3387-54ac-a5fe-ae0be0d2c347,Senin,14,40
f4d81c03-3387-54ac-a5fe-ae0be0d2c347,Senin,15,44
f4d81c03-3387-54ac-a5fe-ae0be0d2c347,Senin,16,42
f4d81c03-3387-54ac-a5fe-ae0be0d2c347,Senin,17,42
f4d81c03-3387-54ac-a5fe-ae0be0d2c347,Senin,18,38
f4d81c03-3387-54ac-a5fe-ae0be0d2c347,Senin,19,40
f4d81c03-3387-54ac-a5fe-ae0be0d2c347,Senin,20,38
f4d81c03-3387-54ac-a5fe-ae0be0d2c347,Senin,21,46
f4d81c03-3387-54ac-a5fe-ae0be0d2c347,Senin,22,40
f4d81c03-3387-54ac-a5fe-ae0be0d2c347,Senin,23,0
64a85fe1-392c-57b8-87ba-53a96fd39d1d,Senin,4,35
64a85fe1-392c-57b8-87ba-53a96fd39d1d,Senin,5,50
64a85fe1-392c-57b8-87ba-53a96fd39d1d,Senin,6,50
64a85fe1-392c-57b8-87ba-53a96fd39d1d,Senin,7,57
64a85fe1-392c-57b8-87ba-53a96fd39d1d,Senin,8,57
64a85fe1-392c-57b8-87ba-53a96fd39d1d,Senin,9,50
64a85fe1-392c-57b8-87ba-53a96fd39d1d,Senin,10,35
64a85fe1-392c-57b8-87ba-53a96fd39d1d,Senin,11,57
64a85fe1-392c-57b8-87ba-53a96fd39d1d,Senin,12,57
64a85fe1-392c-57b8-87ba-53a96fd39d1d,Senin,13,78
64a85fe1-392c-57b8-87ba-53a96fd39d1d,Senin,14,85
64a85fe1-392c-57b8-87ba-53a96fd39d1d,Senin,15,78
64a85fe1-392c-57b8-87ba-53a96fd39d1d,Senin,16,64
64a85fe1-392c-57b8-87ba-53a96fd39d1d,Senin,17,64
64a85fe1-392c-57b8-87ba-53a96fd39d1d,Senin,18,50
64a85fe1-392c-57b8-87ba-53a96fd39d1d,Senin,19,64
64a85fe1-392c-57b8-87ba-53a96fd39d1d,Senin,20,64
64a85fe1-392c-57b8-87ba-53a96fd39d1d,Senin,21,64
64a85fe1-392c-57b8-87ba-53a96fd39d1d,Senin,22,71
64a85fe1-392c-57b8-87ba-53a96fd39d1d,Senin,23,57
f1d2ebe8-66e7-53af-a7ba-2fa373932bc4,Senin,6,0
f1d2ebe8-66e7-53af-a7ba-2fa373932bc4,Senin,7,0
f1d2ebe8-66e7-53af-a7ba-2fa373932bc4,Senin,8,32
f1d2ebe8-66e7-53af-a7ba-2fa373932bc4,Senin,9,35
f1d2ebe8-66e7-53af-a7ba-2fa373932bc4,Senin,10,41
f1d2ebe8-66e7-53af-a7ba-2fa373932bc4,Senin,11,44
f1d2ebe8-66e7-53af-a7ba-2fa373932bc4,Senin,12,52
f1d2ebe8-66e7-53af-a7ba-2fa373932bc4,Senin,13,52
f1d2ebe8-66e7-53af-a7ba-2fa373932bc4,Senin,14,50
f1d2ebe8-66e7-53af-a7ba-2fa373932bc4,Senin,15,61
f1d2ebe8-66e7-53af-a7ba-2fa373932bc4,Senin,16,73
f1d2ebe8-66e7-53af-a7ba-2fa373932bc4,Senin,17,79
f1d2ebe8-66e7-53af-a7ba-2fa373932bc4,Senin,18,85
f1d2ebe8-66e7-53af-a7ba-2fa373932bc4,Senin,19,88
f1d2ebe8-66e7-53af-a7ba-2fa373932bc4,Senin,20,94
f1d2ebe8-66e7-53af-a7ba-2fa373932bc4,Senin,21,94
f1d2ebe8-66e7-53af-a7ba-2fa373932bc4,Senin,22,91
f1d2ebe8-66e7-53af-a7ba-2fa373932bc4,Senin,23,61
ba2ce913-651a-58f4-8236-31b514e87085,Senin,4,32
ba2ce913-651a-58f4-8236-31b514e87085,Senin,5,31
ba2ce913-651a-58f4-8236-31b514e87085,Senin,6,37
ba2ce913-651a-58f4-8236-31b514e87085,Senin,7,46
ba2ce913-651a-58f4-8236-31b514e87085,Senin,8,51
ba2ce913-651a-58f4-8236-31b514e87085,Senin,9,54
ba2ce913-651a-58f4-8236-31b514e87085,Senin,10,59
ba2ce913-651a-58f4-8236-31b514e87085,Senin,11,59
ba2ce913-651a-58f4-8236-31b514e87085,Senin,12,53
ba2ce913-651a-58f4-8236-31b514e87085,Senin,13,43
ba2ce913-651a-58f4-8236-31b514e87085,Senin,14,43
ba2ce913-651a-58f4-8236-31b514e87085,Senin,15,42
ba2ce913-651a-58f4-8236-31b514e87085,Senin,16,48
ba2ce913-651a-58f4-8236-31b514e87085,Senin,17,54
ba2ce913-651a-58f4-8236-31b514e87085,Senin,18,59
ba2ce913-651a-58f4-8236-31b514e87085,Senin,19,70
ba2ce913-651a-58f4-8236-31b514e87085,Senin,20,75
ba2ce913-651a-58f4-8236-31b514e87085,Senin,21,89
ba2ce913-651a-58f4-8236-31b514e87085,Senin,22,100
ba2ce913-651a-58f4-8236-31b514e87085,Senin,23,100
4a7fd413-e919-5062-87be-d9db3e3dbd4a,Senin,4,62
4a7fd413-e919-5062-87be-d9db3e3dbd4a,Senin,5,68
4a7fd413-e919-5062-87be-d9db3e3dbd4a,Senin,6,75
4a7fd413-e919-5062-87be-d9db3e3dbd4a,Senin,7,81
4a7fd413-e919-5062-87be-d9db3e3dbd4a,Senin,8,75
4a7fd413-e919-5062-87be-d9db3e3dbd4a,Senin,9,75
4a7fd413-e919-5062-87be-d9db3e3dbd4a,Senin,10,37
4a7fd413-e919-5062-87be-d9db3e3dbd4a,Senin,11,31
4a7fd413-e919-5062-87be-d9db3e3dbd4a,Senin,12,43
4a7fd413-e919-5062-87be-d9db3e3dbd4a,Senin,13,62
4a7fd413-e919-5062-87be-d9db3e3dbd4a,Senin,14,68
4a7fd413-e919-5062-87be-d9db3e3dbd4a,Senin,15,75
4a7fd413-e919-5062-87be-d9db3e3dbd4a,Senin,16,68
4a7fd413-e919-5062-87be-d9db3e3dbd4a,Senin,17,68
4a7fd413-e919-5062-87be-d9db3e3dbd4a,Senin,18,43
4a7fd413-e919-5062-87be-d9db3e3dbd4a,Senin,19,31
4a7fd413-e919-5062-87be-d9db3e3dbd4a,Senin,20,37
4a7fd413-e919-5062-87be-d9db3e3dbd4a,Senin,21,43
4a7fd413-e919-5062-87be-d9db3e3dbd4a,Senin,22,75
4a7fd413-e919-5062-87be-d9db3e3dbd4a,Senin,23,81
83e791ef-16bc-5448-83f6-1d5a204d07a2,Senin,4,29
83e791ef-16bc-5448-83f6-1d5a204d07a2,Senin,5,41
83e791ef-16bc-5448-83f6-1d5a204d07a2,Senin,6,76
83e791ef-16bc-5448-83f6-1d5a204d07a2,Senin,7,58
83e791ef-16bc-5448-83f6-1d5a204d07a2,Senin,8,52
83e791ef-16bc-5448-83f6-1d5a204d07a2,Senin,9,35
83e791ef-16bc-5448-83f6-1d5a204d07a2,Senin,10,29
83e791ef-16bc-5448-83f6-1d5a204d07a2,Senin,11,35
83e791ef-16bc-5448-83f6-1d5a204d07a2,Senin,12,29
83e791ef-16bc-5448-83f6-1d5a204d07a2,Senin,13,47
83e791ef-16bc-5448-83f6-1d5a204d07a2,Senin,14,64
83e791ef-16bc-5448-83f6-1d5a204d07a2,Senin,15,64
83e791ef-16bc-5448-83f6-1d5a204d07a2,Senin,16,47
83e791ef-16bc-5448-83f6-1d5a204d07a2,Senin,17,41
83e791ef-16bc-5448-83f6-1d5a204d07a2,Senin,18,47
83e791ef-16bc-5448-83f6-1d5a204d07a2,Senin,19,47
83e791ef-16bc-5448-83f6-1d5a204d07a2,Senin,20,47
83e791ef-16bc-5448-83f6-1d5a204d07a2,Senin,21,52
83e791ef-16bc-5448-83f6-1d5a204d07a2,Senin,22,41
83e791ef-16bc-5448-83f6-1d5a204d07a2,Senin,23,52
e12185dc-f169-5f8c-b447-ceffee25f487,Senin,0,45
e12185dc-f169-5f8c-b447-ceffee25f487,Senin,1,30
e12185dc-f169-5f8c-b447-ceffee25f487,Senin,2,30
e12185dc-f169-5f8c-b447-ceffee25f487,Senin,3,30
e12185dc-f169-5f8c-b447-ceffee25f487,Senin,4,75
e12185dc-f169-5f8c-b447-ceffee25f487,Senin,5,70
e12185dc-f169-5f8c-b447-ceffee25f487,Senin,6,55
e12185dc-f169-5f8c-b447-ceffee25f487,Senin,7,50
e12185dc-f169-5f8c-b447-ceffee25f487,Senin,8,45
e12185dc-f169-5f8c-b447-ceffee25f487,Senin,9,45
e12185dc-f169-5f8c-b447-ceffee25f487,Senin,10,45
e12185dc-f169-5f8c-b447-ceffee25f487,Senin,11,40
e12185dc-f169-5f8c-b447-ceffee25f487,Senin,12,45
e12185dc-f169-5f8c-b447-ceffee25f487,Senin,13,40
e12185dc-f169-5f8c-b447-ceffee25f487,Senin,14,40
e12185dc-f169-5f8c-b447-ceffee25f487,Senin,15,45
e12185dc-f169-5f8c-b447-ceffee25f487,Senin,16,70
e12185dc-f169-5f8c-b447-ceffee25f487,Senin,17,90
e12185dc-f169-5f8c-b447-ceffee25f487,Senin,18,95
e12185dc-f169-5f8c-b447-ceffee25f487,Senin,19,80
fabc4b73-d1ca-5acc-98f7-6110dba3ebd1,Senin,6,0
fabc4b73-d1ca-5acc-98f7-6110dba3ebd1,Senin,7,29
fabc4b73-d1ca-5acc-98f7-6110dba3ebd1,Senin,8,31
fabc4b73-d1ca-5acc-98f7-6110dba3ebd1,Senin,9,35
fabc4b73-d1ca-5acc-98f7-6110dba3ebd1,Senin,10,41
fabc4b73-d1ca-5acc-98f7-6110dba3ebd1,Senin,11,41
fabc4b73-d1ca-5acc-98f7-6110dba3ebd1,Senin,12,49
fabc4b73-d1ca-5acc-98f7-6110dba3ebd1,Senin,13,62
fabc4b73-d1ca-5acc-98f7-6110dba3ebd1,Senin,14,76
fabc4b73-d1ca-5acc-98f7-6110dba3ebd1,Senin,15,74
fabc4b73-d1ca-5acc-98f7-6110dba3ebd1,Senin,16,72
fabc4b73-d1ca-5acc-98f7-6110dba3ebd1,Senin,17,64
fabc4b73-d1ca-5acc-98f7-6110dba3ebd1,Senin,18,65
fabc4b73-d1ca-5acc-98f7-6110dba3ebd1,Senin,19,65
fabc4b73-d1ca-5acc-98f7-6110dba3ebd1,Senin,20,69
fabc4b73-d1ca-5acc-98f7-6110dba3ebd1,Senin,21,68
fabc4b73-d1ca-5acc-98f7-6110dba3ebd1,Senin,22,58
fabc4b73-d1ca-5acc-98f7-6110dba3ebd1,Senin,23,0
fabc4b73-d1ca-5acc-98f7-6110dba3ebd1,Senin,7,28
1f034409-d35e-511b-8c7e-fdde1c1537d8,Senin,6,0
1f034409-d35e-511b-8c7e-fdde1c1537d8,Senin,7,0
1f034409-d35e-511b-8c7e-fdde1c1537d8,Senin,8,0
1f034409-d35e-511b-8c7e-fdde1c1537d8,Senin,9,0
1f034409-d35e-511b-8c7e-fdde1c1537d8,Senin,10,0
1f034409-d35e-511b-8c7e-fdde1c1537d8,Senin,11,0
1f034409-d35e-511b-8c7e-fdde1c1537d8,Senin,12,22
1f034409-d35e-511b-8c7e-fdde1c1537d8,Senin,13,24
1f034409-d35e-511b-8c7e-fdde1c1537d8,Senin,14,27
1f034409-d35e-511b-8c7e-fdde1c1537d8,Senin,15,28
1f034409-d35e-511b-8c7e-fdde1c1537d8,Senin,16,26
1f034409-d35e-511b-8c7e-fdde1c1537d8,Senin,17,26
1f034409-d35e-511b-8c7e-fdde1c1537d8,Senin,18,0
1f034409-d35e-511b-8c7e-fdde1c1537d8,Senin,19,0
1f034409-d35e-511b-8c7e-fdde1c1537d8,Senin,20,0
1f034409-d35e-511b-8c7e-fdde1c1537d8,Senin,21,0
1f034409-d35e-511b-8c7e-fdde1c1537d8,Senin,22,0
1f034409-d35e-511b-8c7e-fdde1c1537d8,Senin,23,0
176060c8-9e6e-579a-8bee-9d3370ef6613,Senin,5,0
176060c8-9e6e-579a-8bee-9d3370ef6613,Senin,6,37
176060c8-9e6e-579a-8bee-9d3370ef6613,Senin,7,64
176060c8-9e6e-579a-8bee-9d3370ef6613,Senin,8,89
176060c8-9e6e-579a-8bee-9d3370ef6613,Senin,9,100
176060c8-9e6e-579a-8bee-9d3370ef6613,Senin,10,85
176060c8-9e6e-579a-8bee-9d3370ef6613,Senin,11,65
176060c8-9e6e-579a-8bee-9d3370ef6613,Senin,12,50
176060c8-9e6e-579a-8bee-9d3370ef6613,Senin,13,41
176060c8-9e6e-579a-8bee-9d3370ef6613,Senin,14,35
176060c8-9e6e-579a-8bee-9d3370ef6613,Senin,15,30
176060c8-9e6e-579a-8bee-9d3370ef6613,Senin,16,26
176060c8-9e6e-579a-8bee-9d3370ef6613,Senin,17,24
176060c8-9e6e-579a-8bee-9d3370ef6613,Senin,18,19
176060c8-9e6e-579a-8bee-9d3370ef6613,Senin,19,14
176060c8-9e6e-579a-8bee-9d3370ef6613,Senin,20,9
176060c8-9e6e-579a-8bee-9d3370ef6613,Senin,21,6
176060c8-9e6e-579a-8bee-9d3370ef6613,Senin,22,0
176060c8-9e6e-579a-8bee-9d3370ef6613,Senin,6,13
71f01dbf-c921-534c-8a32-bcb70dfa0250,Senin,6,0
71f01dbf-c921-534c-8a32-bcb70dfa0250,Senin,7,0
71f01dbf-c921-534c-8a32-bcb70dfa0250,Senin,8,0
71f01dbf-c921-534c-8a32-bcb70dfa0250,Senin,9,0
71f01dbf-c921-534c-8a32-bcb70dfa0250,Senin,10,42
71f01dbf-c921-534c-8a32-bcb70dfa0250,Senin,11,47
71f01dbf-c921-534c-8a32-bcb70dfa0250,Senin,12,52
71f01dbf-c921-534c-8a32-bcb70dfa0250,Senin,13,62
71f01dbf-c921-534c-8a32-bcb70dfa0250,Senin,14,73
71f01dbf-c921-534c-8a32-bcb70dfa0250,Senin,15,72
71f01dbf-c921-534c-8a32-bcb70dfa0250,Senin,16,59
71f01dbf-c921-534c-8a32-bcb70dfa0250,Senin,17,37
71f01dbf-c921-534c-8a32-bcb70dfa0250,Senin,18,20
71f01dbf-c921-534c-8a32-bcb70dfa0250,Senin,19,14
71f01dbf-c921-534c-8a32-bcb70dfa0250,Senin,20,12
71f01dbf-c921-534c-8a32-bcb70dfa0250,Senin,21,14
71f01dbf-c921-534c-8a32-bcb70dfa0250,Senin,22,0
71f01dbf-c921-534c-8a32-bcb70dfa0250,Senin,23,0
d4a97dfb-d664-5b73-be50-f902c6702f7f,Senin,6,0
d4a97dfb-d664-5b73-be50-f902c6702f7f,Senin,7,0
d4a97dfb-d664-5b73-be50-f902c6702f7f,Senin,8,0
d4a97dfb-d664-5b73-be50-f902c6702f7f,Senin,9,13
d4a97dfb-d664-5b73-be50-f902c6702f7f,Senin,10,16
d4a97dfb-d664-5b73-be50-f902c6702f7f,Senin,11,20
d4a97dfb-d664-5b73-be50-f902c6702f7f,Senin,12,22
d4a97dfb-d664-5b73-be50-f902c6702f7f,Senin,13,23
d4a97dfb-d664-5b73-be50-f902c6702f7f,Senin,14,22
d4a97dfb-d664-5b73-be50-f902c6702f7f,Senin,15,22
d4a97dfb-d664-5b73-be50-f902c6702f7f,Senin,16,24
d4a97dfb-d664-5b73-be50-f902c6702f7f,Senin,17,0
d4a97dfb-d664-5b73-be50-f902c6702f7f,Senin,18,0
d4a97dfb-d664-5b73-be50-f902c6702f7f,Senin,19,0
d4a97dfb-d664-5b73-be50-f902c6702f7f,Senin,20,0
d4a97dfb-d664-5b73-be50-f902c6702f7f,Senin,21,0
d4a97dfb-d664-5b73-be50-f902c6702f7f,Senin,22,0
d4a97dfb-d664-5b73-be50-f902c6702f7f,Senin,23,0
