id,place_id,text,rating,hash
aadb5c3b-700a-563e-bc2b-0499cf43f5b3,ceac34a8-23d4-5cb9-a0f0-2f074b32eeb8,Gading Puriraya | 2 ulasan · 1 foto | 8 bulan lalu | Agak pengap klo pas di pake acara nikah siang krn ngg ada blower jadi sirkulasi udara ngg maksimal | Suka | Bagikan,,8b4b4eab813c
abdb16ea-b731-53e2-8ec0-491cda684516,ceac34a8-23d4-5cb9-a0f0-2f074b32eeb8,"Usually Fillah | Local Guide · 37 ulasan · 189 foto | 6 tahun lalu | Dekornya bagus ,ruangannya cukuo utk acara hanya sajah agak panas mungkin karena ventilasinya kurang sepertinya kalau di perbaiki masalah ventilasi udaranya bisa menambah nilai positif di tempat ini | Suka | Bagikan | Tanggapan dari pemilik 6 tahun lalu | Hallo kak, terimakasih atas masukannya :)",,586d5ca67856
0ec44818-9181-530c-a3d7-a77322949ba3,ceac34a8-23d4-5cb9-a0f0-2f074b32eeb8,Tristiani Waruwu | 8 ulasan | 4 bulan lalu | Ka ada nomor yg bisa di kontak untuk tanya harga sewanya? | Suka | Bagikan | Tanggapan dari pemilik 4 bulan lalu | 089635790042,,2aa11a5e5cb0
5921cc78-7e91-5166-89a0-6b5f45a604d9,fd88607d-e370-585a-9851-4b3aa9edb708,"Darmawan HP Network | Local Guide · 151 ulasan · 223 foto | sebulan lalu | Gedung/ballroom sering dipakai untuk pernikahan,ruangan didalam cukup besar, namun kapasitas parkirnya kurang luas, parkir sering sampai dipinggir jalan. | Suka | Bagikan",,c2634c1f399d
34434281-6ee5-547d-9142-32d416aa07b3,fd88607d-e370-585a-9851-4b3aa9edb708,"Nandra Pradipta | Local Guide · 26 ulasan · 7 foto | 7 bulan lalu | Aula atau ballroom serbaguna untuk segala event dan acara, ada diskon khusus untuk acara sekolah SMA/SMK loh, S&K yang berlaku ya | Suka | Bagikan",,6a011afa6726
9a30cf00-18f2-508e-95c0-69f7c0e124c3,fd88607d-e370-585a-9851-4b3aa9edb708,"Faturrahman | Local Guide · 171 ulasan · 140 foto | 7 tahun lalu | Letaknya di dalem kampus esa unggul, lumayan luas kebersihan juga terjaga, dan tersedia lahan perkir kendaraan bermotor roda 2 dan 4 | Suka | Bagikan",,14dd048166c7
5a1429e4-c011-5123-a8f4-b2877c82994e,cb6fe4da-326e-5b16-b904-aa9012c65f33,"Frysca Putti Muviana - fryscpm | Local Guide · 114 ulasan · 627 foto | 8 bulan lalu | Tempatnya lumayan luas, ada ruang tunggu keluarganya di samping kanan panggung, gedungnya karpet jadi terlihat mewah. Parkirnya ada basement. | Suka | Bagikan",,3d05364d99ed
f26194fc-afb4-5524-845a-f4d45fafd9dd,cb6fe4da-326e-5b16-b904-aa9012c65f33,"Idam Demus | Local Guide · 258 ulasan · 2.150 foto | 9 bulan lalu | Beberapa kali menjadi Qori Akad nikah disini. Lokasi strategis, parkir mobil banyak, hall yang besar, cocok untuk wedding dengan tamu berjumlah besar. … Lainnya | 0:01 | 0:03 | 0:01 | 0:01 | +18 | Suka | Bagikan",,b5d71c274579
64b60cd4-5768-5008-94cc-7f195146aa44,cb6fe4da-326e-5b16-b904-aa9012c65f33,"Metha Shinta Dewi | Local Guide · 257 ulasan · 674 foto | setahun lalu | Posisinya strategis, akses juga mudah. Begitu keluar, bisa langsung masuk gerbang tol yang tidak jauh dari pintu keluar. Agak tricky karena jalur ramai. Pintu masuk ke area lobby utama juga agak sedikit bikin bingung, karena sebelah nya … Lainnya | Suka | Bagikan",,2c18910254ed
fb085630-514c-59ac-afe7-c06e063952d2,f03f1ad5-cc71-5a63-913d-b9638af0452a,"Riyo L.of.K | Local Guide · 174 ulasan · 772 foto | 3 bulan lalu | Untuk acara perkawinan yg undanganya tdkbterlalu banyak sih ok. | Tapi kalau undanganya banyak, ya gak cocok | 0:29 | Suka | Bagikan",,77cc658250c7
ae478616-504e-5147-af06-cd33b0f77ee0,f03f1ad5-cc71-5a63-913d-b9638af0452a,"Hafizh Maulana | Local Guide · 123 ulasan · 1.280 foto | 9 bulan lalu | menuju kesini banyak bisa jalan yg d lalui mau lewat mana aja bisa. tergantung kenyamanan dan keinginan kalian. untuk lokasi tempatnya parkir cukup luass untuk mobil, depannya juga ada kantin gitu banyak tukang makanan. terus aulanya … Lainnya | 8 | Bagikan",,8c4e60f869ea
d054870f-c432-51fd-a73a-65a547d060fb,f03f1ad5-cc71-5a63-913d-b9638af0452a,"Cholifah Ramdani | Local Guide · 32 ulasan · 59 foto | 6 bulan lalu | Tempatnya kurang luas klw buat acara pernikahan , agak gelap harus pakai lampu tambahan | Suka | Bagikan",,3a4096c1f995
3bcf786e-2e97-575a-9682-cb669e56fadd,36234deb-3368-5704-88ae-2b46c4e8c6fb,Eko Heri | Local Guide · 22 ulasan · 216 foto | setahun lalu | Aula nya bagus lumayan luas lokasinya juga strategis recommended buat acara wedding | +10 | Suka | Bagikan,,1d42bced88da
2b05dee6-f285-5ca0-93e6-6c96a4d46f97,36234deb-3368-5704-88ae-2b46c4e8c6fb,"Yulie Dawanis | Local Guide · 97 ulasan · 165 foto | 7 tahun lalu | I came here for attend my friend wedding, lokasi strategis karena berada di pinggir jalan, parkiran luas untuk motor maupun mobil, lokasi aula lumayan namun untuk fasilitas restroom atau toilet kurang di perhatikan,  AC terlihat banyak di … Lainnya | +4 | Suka | Bagikan",,a4cf2919d28f
36b06562-cca8-5dce-86ff-b434a01d91be,36234deb-3368-5704-88ae-2b46c4e8c6fb,Agung Saputra | Local Guide · 29 ulasan · 61 foto | setahun lalu | Lokasinya cukup strategis karna berada di pinggir jalan area parkir oke cocok untuk acara wedding | Suka | Bagikan,,6085e2465a76
66113f85-17d8-5fad-abf7-362f50fcf856,35dfde75-57d6-5752-a251-48a9bafdf7ec,Riza Fadhilah | Local Guide · 46 ulasan · 117 foto | 4 tahun lalu,,cf004749a41b
d6099388-628f-5765-92a8-a9c019efe08f,35dfde75-57d6-5752-a251-48a9bafdf7ec,Siti Mustiya | 5 ulasan | 9 bulan lalu,,1bd55a9caa14
c35e594f-11d0-58ed-80c6-d7f55d7491a4,35dfde75-57d6-5752-a251-48a9bafdf7ec,Miguel Eduardo | 4 ulasan · 2 foto | 3 tahun lalu,,d57139da45d0
5ef9e406-adc6-59e8-9beb-fec20564c7a8,6bda3d68-06c7-5300-bb0f-e0aef72c486d,"tony wong | Local Guide · 13 ulasan · 21 foto | 4 bulan lalu | Tempat enak untuk main, jarak meja jauh jadi tidak terganggu. Makanan pun enak enak. Harga cukup bersahabat. Tapi....jangan ambil room vip ato vvip....yang ada nge rack sendiri, harga lebih premium tapi service kalah sama yang biasa. | Suka | Bagikan",,11bc3f728a0f
6aea8557-4a21-5efc-9551-497c61e3776f,6bda3d68-06c7-5300-bb0f-e0aef72c486d,"Andri Gunawan | 4 ulasan · 5 foto | 5 bulan lalu | Tempatnya sih enak, mejanya jg enak. | Sayang mbak nya yg bagian racker ato waitress judes, org main cepet abis trus mao gimana. Pasang muka sinis gt, main hp mulu lg. 2x ksana br x ini ketemu racker yg cewe kyk gt. Cepedeh.... | Suka | Bagikan | Tanggapan dari pemilik 4 bulan lalu | Halo Kak, terima kasih atas reviewnya 🙏 | Mohon maaf atas pengalaman kurang menyenangkan terkait pelayanan kami. Masukan Kakak akan kami jadikan evaluasi agar ke depannya lebih baik. | Semoga kami masih bisa menyambut Kakak kembali 😊 …",,5615c4b82713
107a321e-d2f7-52a0-a875-e6eff67989ef,6bda3d68-06c7-5300-bb0f-e0aef72c486d,"sarah adelia | Local Guide · 417 ulasan · 2.428 foto | Diedit 5 bulan lalu | Bagusss bgtttt, cozyy parahhh, pasti bakal balik lagi sih🫶🏾 … | +7 | Suka | Bagikan | Tanggapan dari pemilik 5 bulan lalu | Wohoo terimakasih kak sarah atas komentar positifnya mimin jadi ikut senang mendengarnya, ditunggu kembali ya kedangannya🥰🙏🏻 …",,c51bb68f85ec
b241c463-3b7b-56b7-b37d-49e386177a81,2c8b3edf-85fd-5832-a95d-67c3cd2b9ce1,"Reiner Salim | Local Guide · 20 ulasan · 10 foto | 3 bulan lalu | ijin saya share pengalaman sebagai penghuni di Casa Jardin, harapannya Review ini dapat memberikan insight bagi potential buyers di Perumahan Casa Jardin. … Lainnya | 1 | Bagikan | Tanggapan dari pemilik 3 bulan lalu | X",,d6ca86612900
f13c127f-b0ed-58c8-87cc-746179871665,2c8b3edf-85fd-5832-a95d-67c3cd2b9ce1,"Yovi Maria Kristanty | Local Guide · 94 ulasan · 287 foto | 2 bulan lalu | Perumahan dengan nuansa hijau di tengah kota jakarta yang super duper gersang jujur sangat suka, cuma kecewa nya adalah pada akses jalan yang di buat memutar pada cluster Quin jadi kalau mau akses taman Jadi lebih ribet kalau gak ada … Lainnya | Suka | Bagikan | Tanggapan dari pemilik 2 bulan lalu | Selamat siang bpk/ibu. | Bersama ini kami informasikan bahwa perihal jalan yg kami tutup tersebut adalah jalan yg memang di rencanakan untuk jalan cluster Lily. Jadi bila selama ini … Lainnya",,1a526b60d6ac
ce4f37bb-74bf-5bf8-814e-8cea62df6839,2c8b3edf-85fd-5832-a95d-67c3cd2b9ce1,Benedictha Olivia | Local Guide · 23 ulasan · 49 foto | 3 bulan lalu | Gimana ini saya penghuni di casa udah hampir 15tahun tapi makin kesini makin aneh management. Bilang pintu belakang kali ampur khusus buat penghuni tapi makin kesini makin banyak orang luar lalu lalang. Trus tbtb banget arah luar ke Q di … Lainnya | 1 | Bagikan | Tanggapan dari pemilik Diedit 3 bulan lalu | Selamat siang bpk/ibu. | Bersama ini kami informasikan bahwa jalan yg kami tutup tersebut adalah jalan yg memang di rencanakan untuk jalan cluster Lilly. Jadi bila selama ini bisa … Lainnya,,92c3440cd4ee
2d3da3df-2f05-5535-8d9f-3307135ec476,517424ec-5404-5e73-bb4a-99479982a19e,"Arif Petualang | Local Guide · 2.289 ulasan · 16.813 foto | 2 tahun lalu | Salah satu kompleks apartemen di kawasan Tanjung Duren. Lokasinya strategis dekat pusat perbelanjaan dan aneka kuliner tanjung duren. Area disini ada beberapa kompleks apartemen, tapi untuk Apartemen Royal sangat rapi dan tertata rapi. … Lainnya | +22 | 1 | Bagikan",,252fb21e6a04
f4e04edf-f051-567a-b43f-abf48aa9b329,517424ec-5404-5e73-bb4a-99479982a19e,"Mei An | 8 ulasan · 3 foto | 3 bulan lalu | Tempatnya bagus, nyaman, bersih. Akses buat ke mallnya mudah. | Suka | Bagikan",,9e6f7d75e896
d66854f2-46de-559c-b10e-2101efa8c50b,517424ec-5404-5e73-bb4a-99479982a19e,"Wirya Atma Negara | Local Guide · 91 ulasan · 382 foto | 4 bulan lalu | mantab, bersih dan tertib serta aman | 0:13 | 0:11 | +8 | Suka | Bagikan",,f91fb3c80608
8e1a57a4-b4ba-5a29-b14b-ef134b510b4b,4bd218f8-a8b2-572b-85c4-89c05d8bfc9c,"dunia maya | Local Guide · 497 ulasan · 3.180 foto | Diedit 3 tahun lalu | Terletak di samping kantor marketing perumahan Casa Jardin, club house ini punya fasilitas kolam renang, gym, lapangan sepak bola mini dan tenis, dan pingpong. | Di sekitar kolam juga ada 2 area gubug yang bisa menampung lebih banyak anggota … Lainnya | +13 | 8 | Bagikan",,339e43ae3966
ef3892f2-eb9d-5cc3-a7c0-f23da30aa1b0,4bd218f8-a8b2-572b-85c4-89c05d8bfc9c,"Agustino | Local Guide · 141 ulasan · 21 foto | 2 bulan lalu | Tempat yg asik untuk les footsal, tapi sayang banyak nyamuk nya | Suka | Bagikan",,8964af8f99bb
c8381a75-f44b-5278-acfa-4c1f49bf7a21,4bd218f8-a8b2-572b-85c4-89c05d8bfc9c,F | Local Guide · 266 ulasan · 1.049 foto | 2 tahun lalu | Lapangan futsal dengan rumput yang hijau dan lokasi yang strategis. | Suka | Bagikan,,0e1a3f16fbd9
24e3dbab-0e0a-5abf-ac43-189a8d5abc34,2d67d794-a276-5038-9ba8-d51bfdbef948,"BALF | Local Guide · 183 ulasan · 1.402 foto | 2 bulan lalu | Pertama kali datang kesini. Lokasi nya di Komplek Perumahan Greenville. HTM 75 k (per 14 Juni 2026). Fasilitas olahraga terdapat alat fitness, 2 meja pingpong, dan 3 kolam renang (2 kolam anak dan 1 kolam dewasa). Disediakan juga kantin … Lainnya | +7 | 1 | Bagikan | Tanggapan dari pemilik 2 bulan lalu | Hai BALF, terima kasih banyak sudah mampir pertama kali dan meluangkan waktu untuk review yang sangat detail ini! 😊 Senang banget kamu nyaman dengan fasilitas, kebersihan, dan layanan kantin kami. Untuk catatan mengenai keramik kolam dan … Lainnya",,27b05da303c2
d598f32e-6b0f-5fda-b9ac-89f5f185c6ba,2d67d794-a276-5038-9ba8-d51bfdbef948,"Verayani Arif | Local Guide · 18 ulasan · 85 foto | 3 bulan lalu | *POV nyobain berenang disini, tp disini banyak arena lainnya yg belum aku coba. | Kolamnya Luas bgt. … Lainnya | +10 | Suka | Bagikan | Tanggapan dari pemilik 3 bulan lalu | Makasih banyak, Kak Verayani, udah mau sharing pengalaman berenang di TSC selengkap ini — bahkan sampai info dari IG admin-nya ikut di-share, helpful banget buat pengunjung lain! 🙏 Seneng banget denger kolamnya, toilet, dan lifeguard-nya … Lainnya",,9d863e89c55d
1f222cb5-fcd9-55c8-9e35-70cb6c12a4dc,2d67d794-a276-5038-9ba8-d51bfdbef948,"Okta Chandika Salsabila | Local Guide · 122 ulasan · 488 foto | Diedit 3 bulan lalu | Harga tiket masuk 85 ribu, pembayaran bisa pake QRIS. Tiket sudah termasuk kolam renang dan gym. Kolam renang memiliki kedalaman maksimal 1.55 meter. Kamar mandinya banyak, ada shower air hangat dan tersedia sabun cair dan shampoo untuk … Lainnya | +8 | Suka | Bagikan | Tanggapan dari pemilik 3 bulan lalu | Hii Okta, makasih banyak udah mau cerita pengalamannya secara detail dan jujur ya 😊 Seneng banget denger kamu udah jadi pelanggan setia TSC tiap minggunya! Tapi soal kejadian sama resepsionis kemarin, kami minta maaf banget — itu sama … Lainnya",,e78203cb2760
acb88161-ed88-59e4-ad8c-ac8d1963ab22,f04edfab-d9a8-5dca-bb81-b7bc2d5965af,"Vinn Apinn | 2 ulasan | 6 bulan lalu | bagus, nganter shoppefood satpam nya asik baik engga mandang orang lain | Suka | Bagikan",,dcad88b6139b
ea5237c3-3238-5c21-99eb-3917a93972dd,f04edfab-d9a8-5dca-bb81-b7bc2d5965af,"Nur Aisah | 7 ulasan · 2 foto | 10 bulan lalu | security nya tengil. berasa dia yg punya rumah di dalem, arogan, g sopan dan emosional. g bgt | Suka | Bagikan",,ff401be71221
019efba4-cd60-51ca-9dcf-4a0bc7d43b7c,f04edfab-d9a8-5dca-bb81-b7bc2d5965af,Ridwan Tejalesmana | Local Guide · 1.510 ulasan · 9.725 foto | 3 bulan lalu | Kompleks nya bagus terawat | Suka | Bagikan,,2973626b8f79
ec9eb04a-435b-5c6d-983e-f4d01e396712,e6adb728-5bd1-53c8-bd43-67b07d4a1c2b,Vincent Harefa | 365 ulasan · 234 foto | 9 tahun lalu | Design rumahnya bagus tapi sharing dari satu pemilik rumah ternyata para pemilik sedang berselisih dgn developernya mengenai hak2 penghuni yg tidak terealisasi sesuai janji | 9 | Bagikan,,1b9cc226a464
30a63de2-3893-5b6f-b358-efeb238bf72c,e6adb728-5bd1-53c8-bd43-67b07d4a1c2b,Jakarta Moving | Local Guide · 151 ulasan · 95 foto | Diedit setahun lalu | Sering banget dapet order pindahan ke tempat ini sampai hafal tempat makan enaknya ....security ramah dan suka membantu kami | Suka | Bagikan,,2966861a7aab
0e4a19f0-a7ee-5029-a02b-7d5e49dee99b,e6adb728-5bd1-53c8-bd43-67b07d4a1c2b,"Louis Ratuela | 8 ulasan | 4 tahun lalu | Tmpt lumayan,tap masih banyak rmh yg TDK ada penghuninya.lokasi rapih bersih,security trjamin. | 1 | Bagikan",,c6df4bc73dc2
32b1222e-175b-5856-a936-5a938e7b4e2c,ba916dfd-8701-51ab-9018-18f130537be9,"Arif Petualang | Local Guide · 2.289 ulasan · 16.813 foto | setahun lalu | Salah satu kompleks perumahan di kawasan Daan Mogot Pesing . Area sangat luas, keamanan terjamin dengan sekuriti setempat. Lingkungan tertata rapi dan bersih.  Banyak pepohonan yang rindang. Lokasinya yang strategis dekat jalan utama dan akses tol. Akan tetapi lalulintas di kawasan ini sangat padat. Banyak kendaraan besar melintas. | 0:11 | +8 | 3 | Bagikan",,a0b9f5fb55a3
51218ca6-4e70-5317-8aa5-17dcaea5ff1b,ba916dfd-8701-51ab-9018-18f130537be9,"Roselyn | 1 ulasan | 7 bulan lalu | Dalam beberapa kesempatan saat memesan layanan Grab/Gojek motor, saya mendapati adanya keluhan dari driver mengenai aturan wajib melepas helm dan menyerahkan KTP sebelum masuk area komplek. Sayangnya, pada beberapa kejadian, keluhan … Lainnya | Suka | Bagikan",,2b009696b922
78fdb347-f011-57b1-88c1-c7997cd78c72,ba916dfd-8701-51ab-9018-18f130537be9,Sarah audyna | Local Guide · 8 ulasan · 5 foto | 6 bulan lalu | Perumahan dengan sistem keamanan TERTOLOL ! kalo lu ngerasa demi keamanan maka harus titip KTP serta serta HELM kenapa gak sekalian lo buat aje pengantaran FOOD atau PAKET hanya sampai gerbang depan sisa nya SECURITY yg antar sendiri ke … Lainnya | Suka | Bagikan,,910195856650
49cdbd00-fe63-5fdb-87e0-dfc3d06d2a1f,1baaafac-f894-5022-b084-4100f0ab7244,"Masyrufi 7 | Local Guide · 64 ulasan · 87 foto | 2 bulan lalu | Sore ini saya datang sendiri, tidak ada sambutan bahkan saya harus mencari waiternya untuk sekedar menanyakan tempat memesan dan tempat duduk untuk satu orang, saya pesan nasi goreng chicken katsu dan americano yang saya pikir americano ini … Lainnya | 0:03 | 0:06 | 0:06 | +2 | Suka | Bagikan",,c94f4834ef31
7e78c568-cd14-5b0e-a049-72c3e39d2d0f,1baaafac-f894-5022-b084-4100f0ab7244,"Zaki Rahmat27 | 2 ulasan · 2 foto | 2 bulan lalu | baru kali ini nongkrong disini pelayanan nya kurang banget mesen minuman 1 jam lebih baru di antar alasannya cupnya habis,lebih di perhatikan lagi stok opnamenya harus nya udah tau kondisi saat rame dan tidak bintang 1 kecewa minuman yang biasanya di seal ini tidak Lainnya | Suka | Bagikan",,b461d883084c
375d4ce0-49d9-59ac-b606-22b046a1f60d,1baaafac-f894-5022-b084-4100f0ab7244,"ROBIATUL ADAWIYAH | 6 ulasan · 4 foto | 4 bulan lalu | Tempat yg bener2 nyaman buat bengong bengong santai suasana tenang dekat kolam sambil dengar suara air bikin pikiran rileks, makannya best bgt minuman nya pun dari yg manis sampai pait best juga 🤍👍🏼👍🏼👍🏼👍🏼👍🏼👍🏼👍🏼👍🏼👍🏼👍🏼👍🏼👍🏼👍🏼👍🏼👍🏼 … Lainnya | Suka | Bagikan",,dc7165ca2309
72662475-26fa-5a1a-85dd-e8e097d56ae9,cd79040c-b185-57a0-a201-5ee41101c098,"Adam Dermawan | Local Guide · 50 ulasan · 167 foto | 6 bulan lalu | Taman yang bagus dan sejuk walaupun luasnya terbatas dan danaunya kosong tidak ada isi ikan yang bisa dipandang, banyak pilihan jajanan yang bervariasi di luar taman. | +7 | 1 | Bagikan",,151596326e77
a4737e3f-7390-5e2e-affd-d568d15239d5,cd79040c-b185-57a0-a201-5ee41101c098,"Widi Nst | Local Guide · 141 ulasan · 1.201 foto | setahun lalu | Taman ini lumayan hidden gem buat warga sekitar Cengkareng. Pas gw ke sini, kesan pertama: adem, cukup luas, dan asri walaupun lokasinya di tengah permukiman yang rame. Ada jogging track, tempat duduk, dan area terbuka hijau yang bisa buat … Lainnya | +2 | 1 | Bagikan",,21a86ec217b0
bce698bc-22a5-5745-bfba-5f3769dc40fb,cd79040c-b185-57a0-a201-5ee41101c098,"Missnonna | Local Guide · 30 ulasan · 33 foto | 10 bulan lalu | Tamannya luas, bagus banget, toilet ada, playground ada, ada danau, ada lapangan buat futsal, cocok buat jogging, senam, bener2 tempat healing dan olahraga hemat budget.. | +4 | Suka | Bagikan",,f1695ebca600
03046594-aad1-5e09-86bb-f6d77012755d,347397bb-f3b4-56f6-88ce-10e294cf3183,"Reyhan Aes | Local Guide · 382 ulasan · 1.342 foto | 2 tahun lalu | Ruang terbuka hijau yang sebenarnya cukup bermanfaat untuk warga sekitar. Namun sayangnya jam buka baru mulai jam 7, dan sudah tutup jam 5. Beberapa titik perlu perawatan. Namun secara umum masih bisa digunakan dengan baik untuk sekedar menghirup udara segar. | +8 | Suka | Bagikan",,2ff14c64bd4f
fd981e9c-0cc6-5467-ad13-213121f659c6,347397bb-f3b4-56f6-88ce-10e294cf3183,zahra jihat | 2 ulasan · 14 foto | setahun lalu | buka jam 07:00 pagi - tutup jam 17:00 sore. | adem banyak pepohonan dan tempat buat duduk bareng keluarga. | tempat parkir luas aman ada di dalam juga. Lainnya | +7 | Suka | Bagikan,,938905f24e60
6b6ebbf0-5393-5b27-9f20-0c669018a70e,347397bb-f3b4-56f6-88ce-10e294cf3183,"kusma waty | Local Guide · 10 ulasan · 6 foto | 3 tahun lalu | Tempat nya asri, sejuk banyak pohon rindang, area bermain gratis, cukup bersih,  lumayan buat ngajak anak main | Suka | Bagikan",,6d0ebf9d2ed8
19081a73-9c43-57b5-90d6-c19f0dcc3397,98afbc3f-dd98-5b75-891a-8ccad4efdb2c,"Winda Sari | Local Guide · 26 ulasan · 55 foto | 6 bulan lalu | Lumayan bersih, kurang tempat sampahnya. Enak banyak tukang jajanannya, ga ada tempat parkir khusus jadi parkir dipinggir jalan | +3 | Suka | Bagikan",,6822b8d242e7
77a8e737-7c4f-53fd-a8f9-79b14a497b5d,98afbc3f-dd98-5b75-891a-8ccad4efdb2c,"BIMA ADITYA WARDHANA | Local Guide · 10 ulasan · 82 foto | 2 tahun lalu | Taman Polsek Kebon Jeruk adalah sebuah taman komunitas yang terletak di kawasan Kebon Jeruk, Jakarta Barat. Berikut adalah beberapa poin ulasan mengenai taman ini: … Lainnya | +16 | Suka | Bagikan",,2a51a90df3ed
c4301ebb-71ce-5d81-8500-704b823a5f8d,98afbc3f-dd98-5b75-891a-8ccad4efdb2c,"Bagus Rizky | Local Guide · 41 ulasan · 604 foto | 3 tahun lalu | Taman disini merupakan taman yang sangat cukup baru diperbaiki. Banyak sekali wahan wahana yang diperbaiki seperti penambahan perosotan yang besar, pengecetan ulang beberapa alat, serta bangku bangku telah diperbaiki. Tak jarang banyak … Lainnya | +23 | 2 | Bagikan",,466da43e4d7b
76b859ab-1c73-516a-9e0a-b20d31794bd1,3af72c58-8af9-5594-9b7a-1a32b7aa6b7e,"Vincentius Reinaldi | Local Guide · 83 ulasan · 80 foto | 6 bulan lalu | Lagi ke jakarta cari taman buat anak main, nemu taman yg bagus banget , nyaman dan ini free untuk umum. … Lainnya | 0:11 | Suka | Bagikan",,eba74c9f20c1
c7339c52-1b63-5bb7-a4ff-1a71aad1feed,3af72c58-8af9-5594-9b7a-1a32b7aa6b7e,restya aristiany | Local Guide · 71 ulasan · 121 foto | 7 bulan lalu | Kita datang kesini jam 7.30 sampai hari sabtu dan masih sepiii 😊 kita naik motor cuman parkiran motor jauh dibelakang hehe...gak bayar yah gratisss masuknya … Lainnya | 0:12 | Suka | Bagikan,,89edac2e137e
e3766017-5a92-512c-8f36-41f2954ff2cf,3af72c58-8af9-5594-9b7a-1a32b7aa6b7e,"Robiatul Azizah | Local Guide · 31 ulasan · 167 foto | setahun lalu | Playground anak bersih terawat, suasana teduh, bisa sambil duduk di rumput dan mengawasi anak bermain, areanya luas lega. Bisa sambil bawa makanan juga. … Lainnya | Suka | Bagikan",,09d70fe97135
9daff34f-71fd-512a-a882-6f8e1e7f786e,24b7cac1-bb52-5fe5-82d2-5b91fc9784b4,"Arifany Kalalo | Local Guide · 20 ulasan · 3 foto | Diedit 4 bulan lalu | Kalo mau main disini cuma sampe jam 5 sore ya, parkiran motor disediakan tapi kalo buat mobil ga ada. Dateng kesini bareng anak-anak seseru itu rasanya, anaknya bisa main, yang nemenin bisa sambil menikmati suasana. Jam 4 sore Ke jam 5 itu biasanya rame banget. Ada jajanan juga di depan taman nya jadi ga bakal haus dan lapar.. | Suka | Bagikan",,780d73894d23
bda7e2f5-bb20-5a07-90ec-ccfa2284b915,24b7cac1-bb52-5fe5-82d2-5b91fc9784b4,"Lia Hikmatul Maula | Local Guide · 52 ulasan · 149 foto | 7 bulan lalu | tamannya adem dan bersih. beberapa perosotan sudah pecah dan menampung air saat hujan jadi kotor dan berbahaya. | ada jogging track, alat olahraha, lapangan baskket dan pendopo. … Lainnya | Suka | Bagikan",,e94e3af52401
4eca3f04-0fee-503b-a89b-afb2ea8a855b,24b7cac1-bb52-5fe5-82d2-5b91fc9784b4,"ashri nurhayati | Local Guide · 8 ulasan · 14 foto | 4 bulan lalu | Taman yang aman untuk bermain dan di sukai anak anak, hanya toilet nya sedang rusak, tolong di perbaiki supaya lebih nyaman lagi | 0:01 | Suka | Bagikan",,a5431b18cd2b
181fb50a-a0c1-5358-921e-bd098850305c,01e80a4d-3148-5fc8-891e-947b98861367,Devii Nila | Local Guide · 59 ulasan · 333 foto | sebulan lalu | 📍 Lokasi ada di sekitar Komplek Warga | 💶 Masuknya Gratis karena ini Ruang Terbuka Hijau … Lainnya | +2 | Suka | Bagikan,,03e9c2454e26
c33a5c02-0520-5e22-b916-aa18ce2bc651,01e80a4d-3148-5fc8-891e-947b98861367,Sukri Asih Nursafitri | Local Guide · 8 ulasan · 37 foto | 2 bulan lalu | Baru buka. | Dan ini rame sekali. … Lainnya | +2 | Suka | Bagikan,,77250b7721c4
ecd5790e-5377-5abe-ada3-da2bb3882131,01e80a4d-3148-5fc8-891e-947b98861367,"May Moon | 1 ulasan · 4 foto | 2 bulan lalu | Sejuk, yang kerja d situ baik"" | Nyaman,  ada wifi gratis | Ada tempat jajan di sebelah taman … Lainnya | Suka | Bagikan",,58e12f8287ec
f340230d-4c73-57c2-88a2-349eba997119,a799dc75-2e43-543b-969f-97aa5cfe5d9e,"a n g g i e | Local Guide · 37 ulasan · 79 foto | 5 tahun lalu | Taman kota tapi kecil, asri, nyaman buat anak main pagi hari,, sejuk, banyak tanaman, dan ada edukasi tentang sampah plastik. Paling menariknya adalah ada rumah pohon (belum pernah naik sih, takut karena kelihatannya lapuk, tapi sedap dipandang) | 1 | Bagikan",,0032b6570d69
3439af56-d533-578c-9859-09ee044b41d5,a799dc75-2e43-543b-969f-97aa5cfe5d9e,Arif Petualang | Local Guide · 2.289 ulasan · 16.813 foto | 5 tahun lalu | Taman yang sudah lama di renofasi ini semakin bagus dan nyaman. Keren dengan ada logo tulisan yang berwarna. | 1 | Bagikan,,0a006eac02f2
14c4cf03-5e09-56e1-8fbe-5d489bc00a9c,a799dc75-2e43-543b-969f-97aa5cfe5d9e,"ratu saskia | Local Guide · 150 ulasan · 491 foto | 4 tahun lalu | Taman dekat tol kebon jeruk, asri dan lumayan buat duduk2, ada rumah pohon nya juga dan edukasi terkait sampah. | Tapi tdk ada mainan buat anak, jd klo kesini bawa sepeda anak buat muter2 … Lainnya | Suka | Bagikan",,85b5cb38e279
00199e42-d85e-5c33-9248-e7439d674273,b35883fe-7d8f-5704-877e-841fc17c65c6,"Mrs. Gandhi | Local Guide · 9 ulasan · 54 foto | 9 bulan lalu | Taman nya bersih dan luas, arena bermain untuk anak² masih terawat dan bisa di gunakan, banyak tanaman herbal untuk menambah wawasan bagi anak tentang pengenalan macam tumbuhan, ada toilet dan lumayan bersih, free WiFi. Lainnya | 0:29 | +5 | Suka | Bagikan",,19cd59efa68a
510d1e0d-e49e-5904-b266-7033e02b523d,b35883fe-7d8f-5704-877e-841fc17c65c6,"BERCO | Local Guide · 282 ulasan · 668 foto | 2 tahun lalu | Tidak dipungkiri saat ini TMII makin menjadi andalan wisata keluarga, selain harga tiket yang masih masuk akal juga suguhan layanan dan pengalaman menarik untuk mengenal Indonesia dengan versi Lite hehehe. … Lainnya | 0:10 | 0:14 | +3 | Suka | Bagikan",,15990d1729d0
ed2b375a-b395-563c-a92c-463b2d9829c0,b35883fe-7d8f-5704-877e-841fc17c65c6,Ashiva Nindra Shafira | 3 ulasan · 8 foto | 7 tahun lalu | Aku suka sekali Karna tempatnya bagus dan sejuk juga bagus untuk olahraga atau bermain anak anak | 1 | Bagikan,,48bf874678ee
7d40e502-2aeb-5345-ba8b-0674a2b6d455,883d2ce2-2569-5c3d-b781-c5d14c386085,Afiqah Nuraini | 1 ulasan · 1 foto | sebulan lalu,,c85991ff6a14
654da8b2-96e6-5883-897f-e9b79aa25226,ef4cea0a-e34e-5d3f-bc7f-7b752183576a,"Pengelana Bumi | Local Guide · 385 ulasan · 812 foto | 9 bulan lalu | Pilihan Gor Badminton yang cukup ok. Letak cukup strategis. Parkiran motor dan mobil tersedia cukup banyak, walaupun ga banyak banget. Toilet ber-ac. Ada mushola kecil juga di dalamnya, tempat wudhunya di dalam toilet di samping mushola. … Lainnya | Suka | Bagikan",,a25f343dbc62
4165962d-9dd8-5a22-9b85-0452620e9e79,ef4cea0a-e34e-5d3f-bc7f-7b752183576a,"Biondi | Local Guide · 78 ulasan · 187 foto | 2 tahun lalu | Lapangan Bagus dan Luas. Jarak antar lapangan juga pas, tidak terlalu rapat. Pencahayaan juga pas, sehingga tidak silau. Toiletnya juga bersih + ada AC nya di dalam (jadi kalau kepanasan boleh bisa ngadem di toilet, hahahaha). … Lainnya | 0:05 | 1 | Bagikan",,e5b2863bf2b7
dc7fa612-5892-59b0-af4e-d8008e0ce922,ef4cea0a-e34e-5d3f-bc7f-7b752183576a,"theo filus | Local Guide · 82 ulasan · 122 foto | 2 tahun lalu | Luas bgt lapangannya, lpgan ad 7. Booking lewat Wa fast respon. Ada kios makanan ringan. Sayang lahan parkirnya agak kecil dan akses jalannya jg sempit | Suka | Bagikan",,2500739d548a
33374b6c-66a6-5e1b-a2ca-cafa6256d272,53add3ec-6af7-517e-9d6b-36707127352d,Akmal Hanif | Local Guide · 36 ulasan · 110 foto | 3 tahun lalu | + lantai lapangan tebal dan bagus | + Parkiran luas … Lainnya | +5 | Suka | Bagikan,,d0b4721f4184
f66f89f0-7814-5b3d-9dfc-0d09bec934d4,53add3ec-6af7-517e-9d6b-36707127352d,"Calloks :D | Local Guide · 24 ulasan · 75 foto | 2 tahun lalu | Tempatnya bagus dan terjangkauu. Biasa selalu main disini siihh. Lapangannya bersih dan toiletnya juga bersih. Jual minuman dan alat2 badminton lainnya juga lengkappp. Tempat parkirnya juga ada. Okelahh, rekomen buat main disiniii | Suka | Bagikan",,cc35a2809910
830c25fb-3250-5919-9826-c54be7934979,53add3ec-6af7-517e-9d6b-36707127352d,Sharon | Local Guide · 31 ulasan · 57 foto | 2 tahun lalu | *Ada 3 lapangan | *Banyak kursi/tempat duduk buat nunggu | *Banyak tempat parkir mobil/motor … Lainnya | Suka | Bagikan,,c787874b9542
bb292503-c5bb-5fca-9e8b-4a318e11925a,0e562db3-23df-5a4a-a15e-ceb1b38e748f,"Alfian YR | Local Guide · 470 ulasan · 2.425 foto | 3 tahun lalu | Lokasinya ditengah pemukiman dan bukan jalan ramai jadi gak polusi. Relatif lebih murah daripada lapangan lainnya. Mungkin perlu direnov dan diupgrade karena lapangan mulai keliatan gak rata, jaring banyak yg bolong, toilet banyak yang gak … Lainnya | 8 | Bagikan",,d5c8baa57ed5
5705433d-d696-5b07-bd28-9fee0c52e9cb,0e562db3-23df-5a4a-a15e-ceb1b38e748f,Juanda Hutasoit | Local Guide · 128 ulasan · 196 foto | Diedit 2 tahun lalu | Lapangan futsal strategis dan rumput bagus. Kalau mau main harus booking dulu soalnya banyak antrian. Perumahan adalah sekelompok rumah atau bangunan lainnya yang dibangun bersamaan sebagai sebuah pengembangan tunggal. Bentuknya bervariasi … Lainnya | Suka | Bagikan,,f24f8a1950f7
3de885bf-5903-575e-856a-70427583f29c,0e562db3-23df-5a4a-a15e-ceb1b38e748f,Lukman Hqeem | Local Guide · 216 ulasan · 553 foto | 8 tahun lalu | Lapangan futsal dua buah.kualitas prima. Penerangan kurang dan pendinginnya juga kurang maksimal. Perawatannya kurang maksimal. Ada fasilitas mini market yg memudahkan belanja makanan dan minuman setelah main futsal. Parkiran lumayan … Lainnya | Suka | Bagikan,,01060d457c3a
773c5837-d513-5fa5-ae51-f64db1f5eb88,78915963-aff6-5ec6-8f9a-17ecffd352b7,"Octaveani Tiono | Local Guide · 1.487 ulasan · 12.977 foto | setahun lalu | Polabugar sport center ini bisa dibilang memiliki penyewaan tempat olahraga yang cukup banyak, ada badminton, kolam renang, billiard, gym, dll. | Kesini karena bermain badminton. Lapangannya banyak banget. … Lainnya | +2 | 1 | Bagikan",,e63fba3fef68
94f4aa05-7b47-5cb3-a089-a1b0b5948a99,78915963-aff6-5ec6-8f9a-17ecffd352b7,"Vina Mahfzia | 2 ulasan | sebulan lalu | BIKIN GA NYAMAN PENGUNJUNG!!! | Ada bapak bapak pelatih kepala botak, tinggi teriak teriakin orang di kolam renang, kalau ngomong santai aja gausah pake teriak woi woi woi, ntr di balikin … Lainnya | Suka | Bagikan",,627c7718c750
30d201ca-68fa-5aec-8d05-287ebb6bad82,78915963-aff6-5ec6-8f9a-17ecffd352b7,"Biondi | Local Guide · 78 ulasan · 187 foto | 2 tahun lalu | Sport Komplek. Ada Renang, Billiard, kantin, dll nya. | Tapi Datang ke sini untuk bermain badminton. … Lainnya | 0:22 | +2 | 1 | Bagikan",,0a1623e0120a
7a590096-28e2-578e-8ed6-d48def6b452d,45ff1778-4a4e-5fdf-bc59-8849c128d18a,Tamuji Tan | Local Guide · 680 ulasan · 10.950 foto | 3 bulan lalu | Main padel lagi dekat dengan rumah… | Lapangan ini sbelum nya merupakan lapangan bulutangkis… … Lainnya | 0:06 | 0:10 | 0:10 | +3 | Suka | Bagikan,,2857a232c08b
00bfa301-050a-55ee-8d27-dd949c451974,45ff1778-4a4e-5fdf-bc59-8849c128d18a,"Bagus Rizky | Local Guide · 41 ulasan · 604 foto | Diedit 3 tahun lalu | Tempatnya cukup luas dengan beberapa lapangan didalamnya, lantainya cukup enak buat main badminton. Untuk membernya pun harganya cukup terjangkau bagi kalian yg suka main ramean. Tempat untuk parkirnya jg cukup luas. Cocok buat kalian yang … Lainnya | +7 | 10 | Bagikan | Tanggapan dari pemilik 3 tahun lalu | Trimakasih",,153ea1ef84ac
1d9f0606-4c66-59ec-afc2-cc933230561e,45ff1778-4a4e-5fdf-bc59-8849c128d18a,"Hanny Yunita | Local Guide · 64 ulasan · 49 foto | 7 bulan lalu | Cozy, high ceiling, toilet clean, cuma sayang belum ada penyewaan raket, over all good , staffnya ramah2 juga🔥 … | 0:11 | Suka | Bagikan | Tanggapan dari pemilik 3 bulan lalu | Trimakasih kami tunggu kedatangannya kembali.",,69780dd30ae3
9c4435f9-c50f-564d-8b89-a3f4c1d3eeef,46873744-d498-5028-8fcc-9d27a881cc83,"lelybonz | Local Guide · 24 ulasan · 18 foto | 2 bulan lalu | Lokasi strategis, parkirnya sudah lumayan dimaksimalkan, securitynya ramah. GOR baru direnovasi akhir th 2025 jadi lebih rapi dan bagian atap sudah lebih safety dibanding sebelumnya plafon banyak yang sudah jebol. Sayangnya sirkulasi … Lainnya | 0:01 | Suka | Bagikan",,a8c73d9724b6
5aa8ec2d-5620-57f7-89f1-9b9f0dbe04e1,46873744-d498-5028-8fcc-9d27a881cc83,Rissa Churria (Ummi Rissa) | Local Guide · 188 ulasan · 2.445 foto | 7 bulan lalu | Gelanggang Jakarta: tidak hanya tempat dan sarana berolahraga. Di pelataran dan halaman samping bisa dipergunakan untuk berbagai macam acara literasi dan berkesenian. … Lainnya | 0:30 | +47 | Suka | Bagikan,,d7d5726ffee8
e76f8cd4-412c-5d5b-9fbe-f9a978084177,46873744-d498-5028-8fcc-9d27a881cc83,Ali Busyro | Local Guide · 133 ulasan · 44 foto | sebulan lalu | Sangat strategis untuk yg naik kereta api GOR cukup bagus tp Sayangnya kursi kurang banyak | Suka | Bagikan,,b201014d4fd9
40b964e5-c935-56d7-932e-f53c8566ad71,01b94e2a-d5b7-59cf-9062-bd417fac4a76,Daryanti Yanti | 1 ulasan | 7 tahun lalu | Tempatnya enak di tambak deket tempat makan lesehan coooy... | 2 | Bagikan,,a582f217a9d2
af2a51ba-0d4a-5483-ae25-4cf0a9e99819,01b94e2a-d5b7-59cf-9062-bd417fac4a76,nurcholis 05 | 2 ulasan · 6 foto | 5 tahun lalu | Tempat nya enak | Suka | Bagikan,,75e31bf36223
ca452d3c-d10d-5c8b-b1d7-19948d7006e9,01b94e2a-d5b7-59cf-9062-bd417fac4a76,Bambang Hermanto | 6 ulasan | 7 tahun lalu | Enak buat ngumpul bareng teman teman | 5 | Bagikan,,a056ad6e971a
0e87d7ea-1f3e-5387-a39b-1f3af4e4c79c,09fdfd83-1f25-5f26-ade9-4c96d4ff0242,Sophia Wilson | 1 foto | 5 tahun lalu,,23375bb1dcca
324a53f9-9ca0-5351-b8dd-6b6d9cef0780,09fdfd83-1f25-5f26-ade9-4c96d4ff0242,Rizky Hamdani | 8 tahun lalu,,77aad8b229d3
0ba2db5d-0531-5687-ab7d-96e7a894ca70,09fdfd83-1f25-5f26-ade9-4c96d4ff0242,Bintang Kejora | Local Guide · 20 ulasan · 69 foto | 8 tahun lalu,,645b9c85c00b
232d6fac-dbd4-54c9-a974-6f890d8219c8,4bdb30b5-2f83-50b3-a44e-6f2517969ed2,ocan kriting27 | 4 ulasan | 8 tahun lalu | pengalaman yang tidak bisa dilupakan itu saat macet 4 jam | 1 | Bagikan,,82a935669175
ba3ffc86-bd03-50dd-96ff-320267a3bbab,4bdb30b5-2f83-50b3-a44e-6f2517969ed2,Hedotyadi Yadi | Local Guide · 17 ulasan | 2 tahun lalu | Deket tempat saya | Suka | Bagikan,,40a9d89ff7d8
ce3c9e87-d194-5882-9fe2-cbdc55522075,4bdb30b5-2f83-50b3-a44e-6f2517969ed2,Mas Yatno | 1 ulasan | 9 tahun lalu | Tempat ane ngumpul dngan saudara seperjalanan | 1 | Bagikan,,20e4dc39c31d
ceb10a2d-a6bb-57a7-b96e-5b05811943dc,673280a2-c7fd-5cfc-a2de-f6d5e936f11e,Ari Fauzi | Local Guide · 11 ulasan · 6 foto | 3 bulan lalu | Tempat yg nyaman untuk melepas penat seharian bekerja | Suka | Bagikan | Tanggapan dari pemilik 3 bulan lalu | 👏 …,,4bcc9503abdf
cdecc004-ccae-561a-b85e-290ffb27e9b8,673280a2-c7fd-5cfc-a2de-f6d5e936f11e,Heru Jayusman | 2 ulasan | 2 bulan lalu | Padat padat padat | Diterjemahkan oleh Google ・ Lihat versi asli (Inggris) | Suka | Bagikan,,840ab5bc3d45
1ad17fbe-c852-58f2-9818-9983a0232e4e,673280a2-c7fd-5cfc-a2de-f6d5e936f11e,Abidzar Nafisha | 2 ulasan · 5 foto | 3 bulan lalu | Padat padat | Diterjemahkan oleh Google ・ Lihat versi asli (Inggris) | Suka | Bagikan | Tanggapan dari pemilik 3 bulan lalu | 👏 …,,c15564d12e5b
9e8a51c1-60d7-57f3-993f-44be1db1e69d,f4d81c03-3387-54ac-a5fe-ae0be0d2c347,"Indah Farahdiba | 3 ulasan · 1 foto | 4 bulan lalu | tempatnya nyaman, pelayanannya ok banget dikasih free fudgy brownise malah ditawarin kopi lg. Good laah, no peres2. Cuma saran tambahin menu berat jgn mie2 aja Lainnya | Suka | Bagikan",,feea9f7f42b1
4d919b12-0734-500c-b407-ad83727dd96e,f4d81c03-3387-54ac-a5fe-ae0be0d2c347,"Plester | Local Guide · 377 ulasan · 1.050 foto | 3 bulan lalu | Saya cobain tempat ini karena harus nunggu servis hape di samsung gedung sebrang. Jujur tempatnya nyaman dan enak banget, bahkan di jam siang saat matahari terik banget, duduk di outdoor nya ga kerasa panas. Cocok untuk nongkrong lama atau … Lainnya | Suka | Bagikan",,fcb5685333a9
86e205a5-766d-5a71-8faa-0eb15e9b870c,f4d81c03-3387-54ac-a5fe-ae0be0d2c347,"Testa | Local Guide · 228 ulasan · 843 foto | 7 bulan lalu | Karena masih dalam tahap renovasi, jadi diatas masih ada pekerjaan yang terbuka jadi debu masih berasa, adem point plus,, smooking dan banyak angin,, parkiran bisa disamping ruko-ruko sebelahnya, aman dan lumayan luas.Harga masih ramah … Lainnya | 0:04 | 0:05 | +3 | Suka | Bagikan",,35fe7400a739
a743beb5-495c-53c6-9d56-32729f2169bf,b98779d4-d175-5f6b-8703-c6f1dd7cd5ae,Irwadhi Marzuki | 1 ulasan | 3 bulan lalu,,2ecff9afe94a
21c9adf3-f5db-56e7-8f0d-432b945beb7e,b98779d4-d175-5f6b-8703-c6f1dd7cd5ae,Listrik Indonesia | 2 tahun lalu,,f0aad0aa2040
2bcd9e0a-f8c2-5d2e-87fe-e5d7dfd997ad,20fe543b-70bd-5409-ac6a-64248d623756,Ricky Senggara | 6 ulasan · 7 foto | 2 tahun lalu | Wadah silaturahmi antar pecinta kijang.. beda bendera komunitas tetap solid dan jalin silaturahmi tanpa batas | Suka | Bagikan,,87982fee1494
250629c8-b1d7-591c-8f00-2624bd50549b,20fe543b-70bd-5409-ac6a-64248d623756,V.C viona. chanel | Local Guide · 8 ulasan · 12 foto | 11 bulan lalu | Tempat mantappll | Suka | Bagikan,,fcdc2ce61bcd
3227a2d5-7a15-59da-a92c-81cee619fd2b,20fe543b-70bd-5409-ac6a-64248d623756,Vanny Oey | 11 ulasan · 6 foto | setahun lalu,,a32314630454
c62d070c-31d4-5ecd-8e4d-8d9744f087d0,44f863ac-40c9-511e-a787-b66637df8dee,Imelda Zefanya | Local Guide · 23 ulasan · 52 foto | 7 tahun lalu | Sebuah wadah atau komunitas untuk para UMKM dapat bertumbuh dan berkembang. Disini kita diajarkan banyak hal untuk membuat kita menjadi naik kelas dan dapat bersaing secara sehat dengan para pelaku bisnis lainnya. | 2 | Bagikan | Tanggapan dari pemilik 7 tahun lalu | Terima kasih atas reviewnya. Bersama kita tumbuh dan berkembang untuk menaikkelaskan UMKM Indonesia yang berdaya saing.,,66ebafbf00c7
6956acf0-89e8-5727-8a79-5cdb04bdb1de,44f863ac-40c9-511e-a787-b66637df8dee,Ressa Resosinia | Local Guide · 31 ulasan · 2 foto | 4 tahun lalu | Sy tlp di no yg tertera.. TDK ada yg angkat... Sy mau bergabung dengan UMKM kecamatan tanah Abang. Sy dari kelurahan kebon kacang | Suka | Bagikan | Tanggapan dari pemilik 4 tahun lalu | Halo dan Salam Persahabatan. | Terima kasih atas ulasan yang diberikan kepada Sahabat UMKM dan akan kami … Lainnya,,851b6a1fb34a
f55c61e7-7419-52df-9353-25175c42f35a,44f863ac-40c9-511e-a787-b66637df8dee,Rahmiani - Jakarta | Local Guide · 8 ulasan · 89 foto | 6 tahun lalu | Terima kasih  atas supportnya untuk kami terutama saya sebagai IKM. Mudah mudahan Selalu Jaya. | Saya Rahmi dari  Catering  Nasi Box dan Snack bok | 2 | Bagikan | Tanggapan dari pemilik 6 tahun lalu | Terima kasih atas reviewnya. Mari bergabung dengan Komunitas Sahabat UMKM dan bersama kita tumbuh berkembang untuk menaikkelaskan UMKM Indonesia yang berdaya saing.,,4e31312d776a
05a8538f-caa2-58f4-9d3b-69f30be4fe18,c9c7177a-94b4-5de6-9a8c-5110a6ae62d1,"adilia suci insani | 1 ulasan · 16 foto | 3 bulan lalu | Main-main ke kampus esa unggul 💜💜 | Jujur, kesan pertama waktu masuk ke Universitas Esa Unggul adalah lingkungannya yang modern dan vibes-nya yang positif banget. Kampusnya nggak cuma punya … Lainnya | +11 | Suka | Bagikan",,7642bc37e2a2
2b22a70b-917b-5e7c-aee7-fb0610a6388b,c9c7177a-94b4-5de6-9a8c-5110a6ae62d1,"Hardyanti Dwi Anggraini | 1 ulasan | 4 bulan lalu | abis campus tour ke Esa Unggul ternyata vibes kampusnya enak juga! | tempatnya luas, fasilitasnya oke, orang-orangnya ramah, terus penjelasannya ga bikin ngantuk wkwk. jadi makin kebayang kuliah nanti bakal gimana 👊📚 | overall seru sih, sampe sampe malah jadi kepikiran pengen ambil disini.. … | 0:01 | 0:08 | 0:07 | 0:01 | +2 | Suka | Bagikan",,119ecffe18c1
63303ee4-0bdd-5b76-951c-465571911bf9,c9c7177a-94b4-5de6-9a8c-5110a6ae62d1,"Ayasy Kamal | 1 ulasan · 7 foto | 3 bulan lalu | di dalam kampus esa unggul banyak sekali fasilitas yang di sediakan, dari perpustakaan 3 lantai lengkap dengan komputernya. Ruang fisioterapi yang ternyata tidak hanya menjadi tempat belajar, namun juga menjadi tempat pengobatan bagi … Lainnya | +4 | Suka | Bagikan",,c474b3dc65c3
a811cbbf-62d6-5bf2-9d1f-96617b463f00,04e27eee-e836-5106-b429-0219aa8e5a5b,"Haryo Kusumo Wicaksono (411231174) | 3 ulasan · 1 foto | Diedit 6 bulan lalu | Kampus Undira kelas karyawan sangat membantu untuk pekerja yang ingin tetap bisa kuliah. Jadwalnya fleksibel, dosennya ramah dan profesional, serta materi kuliahnya relevan dengan dunia kerja. Sangat cocok untuk meningkatkan karier sambil tetap bekerja. | Suka | Bagikan | Tanggapan dari pemilik 6 bulan lalu | Hallo Kawan UNDIRA. | Terima kasih telah berbagi pengalaman saudara, dan semoga pesan ini dapat … Lainnya",,f3204f118961
4ade26df-e8e3-549b-b513-01a71cbdf676,04e27eee-e836-5106-b429-0219aa8e5a5b,Anonymous Work | 1 ulasan | sebulan lalu | Gmn sih. sblmny sy udh dpt offering untuk jd asociate di big4. Tp sama salah 1 dosenny ga dibolehin. Katanya mau di cariin yg lain sama dia tp tunggu lulus dl.  Alasannya lg skripsi jgn mikirin kerjaan dl. Giliran skrg udh lulus di tanya tntng kerjaan mlh lepas tgn. G kompeten bgt sih | Suka | Bagikan,,448157b724ae
eac7904a-ad8c-5f5b-97dd-e8616abb2c36,04e27eee-e836-5106-b429-0219aa8e5a5b,"Wolfgang Serque | 5 ulasan | 2 bulan lalu | Universitas Dian Nusantara menghasilkan individu siap kerja yang unggul.. tidak hanya reguler, Undira juga memberikan support luar biasa untuk para pekerja yang hendak meneruskan pendidikan kuliah, the best Undira | Suka | Bagikan | Tanggapan dari pemilik 2 bulan lalu | Hallo Kawan UNDIRA. | Terima kasih telah memberikan bintang sebagai ulasan yang positif. … Lainnya",,ffcab359b626
d3a13ae2-9362-54cc-a308-9457f4eb2dd9,db756115-588e-55da-868e-6b6e4f8e6ab0,"DIAN JP SITANGGANG 511251070 | 1 ulasan | 4 bulan lalu | Kampus ini menawarkan sistem pembayaran yang fleksibel, di mana mahasiswa dapat mencicil uang semester setiap bulan sehingga lebih ringan dan terjangkau. Selain itu, pilihan jurusan yang tersedia juga sangat beragam, memberikan kesempatan … Lainnya | Suka | Bagikan | Tanggapan dari pemilik 4 bulan lalu | Hallo Kawan UNDIRA. | Terima kasih telah berbagi pengalaman saudara, dan semoga pesan ini dapat … Lainnya",,2dd307917ec1
e53d59e2-f7a5-5b71-9766-9e4df21aaa3f,db756115-588e-55da-868e-6b6e4f8e6ab0,"IRWAN SETIYAWAN 521231065 | 1 ulasan · 1 foto | 4 bulan lalu | Saya umur 39 dan ingin jadi sarjana. saya bersyukur ketemu kampus ini. ngak nyangka saya cocok dan tidak terlalu mahal. | Suka | Bagikan | Tanggapan dari pemilik 4 bulan lalu | Hallo Kawan UNDIRA. | Terima kasih telah berbagi pengalaman saudara, dan semoga pesan ini dapat … Lainnya",,9881e77d026d
a9615f08-5db3-5014-969d-81df73d93bfd,db756115-588e-55da-868e-6b6e4f8e6ab0,"rety Sanaky | 3 ulasan | 4 bulan lalu | selama saya kuliah di undira menurut saya kampus ini cukup baik apalagi dengan fasilitas yang memadai dan dosen yang mendukung proses pembelajaran mahasiswa. | Suka | Bagikan | Tanggapan dari pemilik 4 bulan lalu | Hallo Kawan UNDIRA. | Terima kasih telah berbagi pengalaman saudara, dan semoga pesan ini dapat … Lainnya",,c61fed088334
1e7631e8-b7b3-57bc-aee1-ddf21bfb98e1,83f506d1-e76d-58d3-b6ef-72284f298ae2,"Yatie Sarmiyati | 1 ulasan · 17 foto | 4 bulan lalu | Alhamdulillah, memeberikan kesempatan untuk yg sdh lansia pun bisa ikut maju untuk belajar. | Suka | Bagikan",,c67b034f6ec3
1381a540-752c-5f2f-ae31-0f4359083aec,83f506d1-e76d-58d3-b6ef-72284f298ae2,"Musa Hubeis | Local Guide · 792 ulasan · 634 foto | 2 tahun lalu | Univ Satyagama (USG) yg berlokasi di daerah Kamal Raya dkt tol menuju bandara Soetta, Tangerang mrpk univ spt umumnya, yaitu ada ilmu sosial & humaniora, serta ilmu eksakta. Luas areal kampus 5 Ha ini memiliki tawaran keilmuan yg populer, … Lainnya | 3 | Bagikan",,e6d7f4a81087
dce249a6-de27-52b1-b221-5d7fa699c357,83f506d1-e76d-58d3-b6ef-72284f298ae2,SUYANTO SINGO | Local Guide · 6 ulasan | 11 bulan lalu | Kampus ini memiliki prodi yang sangat menarik dari S1 hingga S3 tersedia di kampus ini. Untuk S2 biaya kuliahnya sangat terjangkau hingga lulus sekitar 13 jutaan. Sangat recomanded buat temen-temen yang ingin lanjut kuliah baik reguler maupun karyawan | Suka | Bagikan,,35bde6edca25
9c45a7f5-d080-5067-b8d6-ce4ebe1d2e76,62e34b48-fd63-5da4-8935-45625fd6ae9a,April | 2 ulasan | 3 minggu lalu | BARU | bagus.. saya dulu pernah jadi salah satu pasien praktek dokter gigii... kira kira sejarang masih ada praktek gigi gratis ga yaa | Suka | Bagikan,,43c9f426d900
ba28656b-12a7-51e1-90b7-d46f7a429ef4,62e34b48-fd63-5da4-8935-45625fd6ae9a,"Ilham Maulana Ash Shiddieq | Local Guide · 138 ulasan · 7.264 foto | 2 tahun lalu | Fakultas Hukum Universitas Trisakti mencapai standar tinggi dalam memberikan pendidikan hukum yang berkualitas. Kurikulumnya yang terkini dan tenaga pengajar yang berpengalaman menciptakan lingkungan belajar yang mendalam. Selain itu, … Lainnya | 0:23 | +15 | 4 | Bagikan",,2c915dfbb045
1c7c79b9-6f7e-54b1-b9f1-382a2e551e60,62e34b48-fd63-5da4-8935-45625fd6ae9a,Nyoman Armawan | 1 ulasan · 1 foto | 6 bulan lalu | Menyesal menguliahkan anak di jurusan tehnik Arsitektur . Untuk bapak ibu yg punya putra putri harus berpikir seribu kali karena di sistem pendidikan nya memang di setting untuk tidak lulus sehingga wajib lama untuk lulus meskipun nilai … Lainnya | Suka | Bagikan,,4048c8720f37
f0d61e29-cb50-5716-97bd-8db405d5d017,7417e675-f773-53aa-a35f-9774b39c42cd,Hhadiyat | Local Guide · 271 ulasan · 1.587 foto | 2 tahun lalu | Kampus A yang memiliki kelas reguler dan karyawan. Lokasi mudah di jangkau. Parkiran luas dan sarana cukup lengkap | +2 | Suka | Bagikan,,fa76622df0dd
9c06391d-efb1-50a5-b492-ef5b81147f6a,7417e675-f773-53aa-a35f-9774b39c42cd,Iswandihanapi Wandi | Local Guide · 25 ulasan · 2 foto | 5 bulan lalu | Tempatnya rapih bersih dan muridnya baik baik dan santuy cuma lokasi kalau hujan sering banjir | Suka | Bagikan,,4a6a7f422e59
6a0b007b-cd0c-55c8-802e-cfc836bf68bb,7417e675-f773-53aa-a35f-9774b39c42cd,"Aznan Oke | 2 ulasan | 5 tahun lalu | Fakultas yg cukup terkenal dijakarta, bnyk kawan2 juga menuntut ilmu disana | 1 | Bagikan",,894aa2fa5dd2
0b5d0be4-b0b8-5696-a921-30f5e004493b,8d15bf29-9a39-5d62-8434-8caa1664fd2c,"Ananda Della Noveria | 3 ulasan · 6 foto | 5 bulan lalu | Suka banget sama pelayanan di BSI Cengkareng, dari mulai sekuriti di depan sampai staf administrasinya ramah-ramah dan ngebantu banget pas proses pendaftaran. Lingkungan kampus bersih dan tertata. Sangat membantu buat mahasiswa yang sambil … Lainnya | Suka | Bagikan",,01e8b7523906
04c5077e-f72e-5b78-bc99-488ea9c0af7b,8d15bf29-9a39-5d62-8434-8caa1664fd2c,"Dear eka putri Tafonao | 1 ulasan · 1 foto | sebulan lalu | Pengalaman yang sangat baik. Pelayanan staf ramah dan membantu, proses pendaftaran mudah, serta informasi yang diberikan sangat jelas. Lingkungan kampus nyaman dan fasilitasnya cukup lengkap. Semoga UBSI terus berkembang dan memberikan pendidikan yang berkualitas. Terima kasih😇🙏 … | Suka | Bagikan",,f14be49f4d24
b67b3e08-0bae-5238-b7b7-9f4eec85857b,8d15bf29-9a39-5d62-8434-8caa1664fd2c,"Avrilia Restu Putri | 1 ulasan | 4 bulan lalu | Sebagai Maba UBSI Cengkareng, kesan yang saya dapatkan dari awal proses pendaftaran sampai dengan acara Workshop diawal perkuliahan ini sangat positif. Seluruh Staff yang ikut serta membantu sangat kooperatif dan ramah, juga materi yang … Lainnya | Suka | Bagikan",,efa408a19f4d
1e39954c-45ba-5229-86b3-d5cccf6e1730,313a02d1-3279-54ac-a457-4fbe56e7592b,Darwin Tan | Local Guide · 159 ulasan · 845 foto | 10 bulan lalu | Saya almuni dari S2 MM yang berlokasikan di kampus ini. | Memang tidak bisa dipungkiri kalau Untar punya gedung yang sudah tua tapi masih cukup dirawat dan bersih. … Lainnya | +5 | 1 | Bagikan,,65369fb69ecd
34adf744-80d2-5125-bc19-7661f941b087,313a02d1-3279-54ac-a457-4fbe56e7592b,"Joko Kentir Silmin | 9 ulasan · 3 foto | 5 bulan lalu | Security yang jaga pintu masuk sok iye, minimal kasih tempat pick up buat ojol, ini udh nunggu di badan jalan, disuruh maju jauh kedepan lagi , pea banget. Padahal yg disamping itu gerbang ketutup, nunggu disitu aja ga boleh. | Suka | Bagikan",,531471470811
5c981e8c-961d-59de-bee0-4151b7371456,313a02d1-3279-54ac-a457-4fbe56e7592b,Andy CB | 5 ulasan · 1 foto | sebulan lalu | Sewaktu datang pertama kali memgantar anak mengambil paket kuliah..suasana seperti perkantoran..tempat makan berlimpah .. ruang hijau terbuka ..cuma 1 aja ..mahal biaya kuliahnya ..tapi overall bagus banget buat kuliah | Suka | Bagikan,,e4a6042c8a50
0a60d0e6-ccca-51b9-98d5-5188634eb03a,2979cb94-92a2-5530-a745-4f7772620497,Deni Rahmat | 1 ulasan | 2 tahun lalu,,f34a13450f8e
394550e4-8dcc-5824-9e70-c2a37d0abec5,64a85fe1-392c-57b8-87ba-53a96fd39d1d,Emil TV | Local Guide · 181 ulasan · 298 foto | 4 tahun lalu | Tempatnya bagus. Bentuk gazebo nya unik. Sama ada labirinnya. Walau labirinnya buat anak kecil. | Suka | Bagikan,,3422c7253fe6
79593f52-4d07-5eae-9e8e-29b687f79138,64a85fe1-392c-57b8-87ba-53a96fd39d1d,"Sasmito Egan2015 | Local Guide · 13 ulasan · 61 foto | 3 tahun lalu | Taman bermain anak yg enak dan nyaman untuk anak - anak, serta ada saran olahraga nya. | +2 | Suka | Bagikan",,485112c75458
b0ada207-de3c-54b3-bb42-61bd3c7ae4a6,64a85fe1-392c-57b8-87ba-53a96fd39d1d,RISDI Bolehh | 1 ulasan | 5 bulan lalu | satpam nya ngusir mulu | Suka | Bagikan,,855b466bcc3b
bb89c771-8964-54aa-82d9-27779a20f525,7cc3f037-be81-5e41-a330-388b29d1bdb0,"Ecky Anugrah | 6 ulasan · 6 foto | 4 bulan lalu | Tempatnya proper, pelatih dan instrukturnya kompeten | 0:14 | +3 | Suka | Bagikan",,31585e7907ab
4fa3dc72-4d87-5b7d-8294-886e0a5c249f,7cc3f037-be81-5e41-a330-388b29d1bdb0,fpti jakartabarat | 1 ulasan · 3 foto | 6 bulan lalu | ruang komunal prestasi dan rekreasi olahraga panjat tebing Kota Jakarta Barat | Suka | Bagikan,,622baf06f601
155b7ef0-c9ca-5ebc-8563-514b161d0e59,7cc3f037-be81-5e41-a330-388b29d1bdb0,"Fatimah | 4 ulasan | setahun lalu | tempat yang nyaman untuk latihan panjat tebing, ada coach yang baik dan sabar dalam melatih. | Suka | Bagikan",,c037f09d5e13
e83ee6e1-9923-51db-83dc-21958a84975d,2751ea45-2c70-570e-a954-8418509ac20e,Yogi 27 | 1 ulasan | setahun lalu | baik | Suka | Bagikan,,982367c6f395
4a4a7448-93be-560d-be0e-23db8899f437,9c2cb282-c337-52ed-b17c-acfe50f508f8,"Yung | Local Guide · 573 ulasan · 3.168 foto | sebulan lalu | Lumayan cocok nih di lidah gue, rasa rumahan di atas level warteg, tmpt bersih luas ber AC ada indoor ada smoking area, pelayanan gercep, hrg soso lah worth it Lainnya | Suka | Bagikan",,c92dff11d015
42897adf-e881-5356-85d2-b3fdcb047efd,9c2cb282-c337-52ed-b17c-acfe50f508f8,"Ellen | Local Guide · 228 ulasan · 1.038 foto | setahun lalu | tempatnya cukup luas dan internet cukup kencang, cocok untuk laptop-an, tapi memang agak wangi masakan, karena disini menyediakan makanan matang yg siap saji. tempatnya nyaman dan untuk yg merokok juga disediain tempat khusus yg cukup besar … Lainnya | +6 | Suka | Bagikan",,33e3efa2a544
8b70e616-04e0-554f-bd0f-e42a0b58ad20,9c2cb282-c337-52ed-b17c-acfe50f508f8,"Alifiana Bt | 9 ulasan · 1 foto | 2 bulan lalu | Makanannya enak2, beverage juga. Aku pesen Hojicha Latte enaaakkkk. Kurangnya cuma 1, enggak ada musholla disini, jadi yg muslim kalo mau kesini di waktu mepet shalat, harus cari alternatif tempat shalat yaa Lainnya | Suka | Bagikan",,1e01d68ecd95
54a0965f-43d9-5930-b782-d6670d348247,f1d2ebe8-66e7-53af-a7ba-2fa373932bc4,"leonardo adi orta | Local Guide · 28 ulasan · 219 foto | Diedit 7 tahun lalu | Kedai Komunal cocok bagi semua orang. Cocok bagi kalian yang pingin nongkrong, pingin live musik juga bisa. Bagi kalian yang suka membaca, ada spot khusus bagi penikmat karya sastra. Kedai komunal menyedikan buku-buku menarik. Selain itu, … Lainnya | 1 | Bagikan",,3c4592c146fb
66620ea5-9f5a-5735-b1e2-4fc966e1b758,f1d2ebe8-66e7-53af-a7ba-2fa373932bc4,retno kadarwati | Local Guide · 602 ulasan · 2.649 foto | 6 tahun lalu | Lumayan lah tempatnya buat kumpul2... kopinya enak..band nya juga keren2 nyanyiin lagu2 nya | +2 | Suka | Bagikan,,8e9a7b1ad1d2
fb5ea458-3893-586c-8406-6b5e99619a4e,f1d2ebe8-66e7-53af-a7ba-2fa373932bc4,"Meiske Rarung | 4 ulasan · 4 foto | 7 tahun lalu | Tempat asik buat nongkrong, kopi nya enak paraahhh !! | Recommended !! | Suka | Bagikan",,0176928fb239
03fbc4bf-7eac-5082-b93c-d496d04bf722,ba2ce913-651a-58f4-8236-31b514e87085,"Surya Gemilang | 1 ulasan | 11 bulan lalu | RT,Pengurus dan wargany kompak selalu, dan diberikan kesehatan semua. Amin | Suka | Bagikan",,fd9e889365d9
a32b710c-478a-5e9d-999a-f084fc1755f7,ba2ce913-651a-58f4-8236-31b514e87085,Adhi Mallo | 4 ulasan · 2 foto | 5 bulan lalu | Terimakasih banyak | Suka | Bagikan,,fefdbb071aab
f03b907a-dcf9-50c1-aebd-0b201851a4a0,ba2ce913-651a-58f4-8236-31b514e87085,wahyudi | 2 minggu lalu | BARU,,5e2a37009772
49fe1b3d-6f99-55c4-81af-1fb9196e7fbc,4a7fd413-e919-5062-87be-d9db3e3dbd4a,"Amanda J | Local Guide · 16 ulasan · 21 foto | 2 tahun lalu | Dibuat dengan kreatif, minimalis ttap estetik, semoga berkah dan bermanfaat buat aneka kiprah warga. Tabik buat pak erte en tim | 4 | Bagikan",,ae8944b06d62
2312954b-40cd-54eb-ab5f-338fd938ad85,4a7fd413-e919-5062-87be-d9db3e3dbd4a,Fitri Permata | 5 ulasan | 2 tahun lalu | Alhamdulillah akhirnya punya balai warga juga.... terima kasih buat semua warga moneter atas bantuan dan kerjasamanya | 2 | Bagikan,,361e75b02600
724c5daf-ba60-577a-be3f-0c40e67e0c34,4a7fd413-e919-5062-87be-d9db3e3dbd4a,Nani Muryani | 1 ulasan | 2 tahun lalu | Luar biasa...👍 | Sangat bermanfaat...❤️ … | 3 | Bagikan,,33c2c7dc5dea
3b5fe8b0-b3cb-5607-9112-335362bd7013,ba5b6c8f-7895-55a8-a8c9-b3e636ecf83f,Adang Sunda | Local Guide · 6 ulasan · 4 foto | Diedit sebulan lalu | Tempat olahraga baru untuk warga rt002 rw007 pegadungan kalideres jakarta barat | 0:29 | 0:29 | 0:29 | 0:29 | Suka | Bagikan,,6342d4ae0cc4
acb16821-8c87-5a9a-92bd-999a6b3a6d12,ba5b6c8f-7895-55a8-a8c9-b3e636ecf83f,Wijianto Wijianto | 1 ulasan | 2 bulan lalu | Gampang mencari titik lokasinya dr aplikasi maps apa aja.. Okeee | Suka | Bagikan,,4c2dd1a1d4c3
d8a34f23-52e3-50ce-8413-7b14b202fd20,ba5b6c8f-7895-55a8-a8c9-b3e636ecf83f,Uswatun Hasanahaja | 1 ulasan · 2 foto | 2 bulan lalu | Luar biasa tempatnya nyaman bersih dan STandar internasional | Suka | Bagikan,,efef2ac260b0
9981a96c-a4ec-5c8d-ab3a-5a7fdce345d5,b5d6bf68-e834-50a9-a7f4-df6d89aa22ac,sila zahra | 2 ulasan | 7 bulan lalu,,83fcc9e9c17d
4fd377ac-3912-5f13-acd1-083673935331,1a42dcca-c355-590b-a4da-ec9dd9216080,Muh.sahri Sahri | Local Guide · 10 ulasan · 442 foto | 3 bulan lalu | KAWASAN WAJIB NGOPI | Suka | Bagikan,,101d43f19636
091ad1d9-3f06-5dc4-96a5-f507a955a13a,1a42dcca-c355-590b-a4da-ec9dd9216080,Maul Lana | 3 minggu lalu | BARU,,60b538fa9af0
0e5924ab-b3f9-5e71-bea3-c4bb4511cad1,83e791ef-16bc-5448-83f6-1d5a204d07a2,Indra Setia | Local Guide · 112 ulasan | sebulan lalu,,9909a1fd6446
fb4758be-4272-5c5a-89db-84c636658fb2,e12185dc-f169-5f8c-b447-ceffee25f487,"Rini Masripah | 9 ulasan · 3 foto | 3 tahun lalu | Sekwe merupakan tempat ternyaman untuk warga RW 05 untuk melakukan segala aktivitas nya, semoga bermanfaat dan bisa terjaga dengan baik semua fasilitasnya | Suka | Bagikan",,efcf25158392
4e246c30-e26a-5307-a41f-bee83bcaaf21,e12185dc-f169-5f8c-b447-ceffee25f487,"R Yudi Mahatmanto | Local Guide · 393 ulasan · 6 foto | 2 tahun lalu | Tempatnys mungil, tp lumayan bersih, parkir lumyan gampil | Suka | Bagikan",,996cdb85a96f
1fc70135-3b0d-536e-9152-11aa2fc6d2b3,e12185dc-f169-5f8c-b447-ceffee25f487,Madroji Oji | 1 ulasan | 5 tahun lalu | Sangat sangat membatu untuk kegiatan Posyandu dan kegiatan sifatnya sosial. | Suka | Bagikan,,a8ef19e59353
87a1ffa7-827d-5673-9756-9ecd8c76b252,e8515378-e081-5d0e-8c98-5c226efda1c1,"Kelvin Nugroho | Local Guide · 118 ulasan · 343 foto | 7 bulan lalu | Tidak terurusnya gedung dan seperti mau roboh, dengan akses toilet yang sangat menyedihkan. Tangga berundak juga tidak sesua dengan langkah orang asia pada umumnya. Semoga review nya bermanfaat dan bisa jadi masukan untuk management. | Suka | Bagikan",,b5eebdca42fb
b987ec95-8dec-54dc-b2e2-26f977531ce0,e8515378-e081-5d0e-8c98-5c226efda1c1,"lelybonz | Local Guide · 24 ulasan · 18 foto | 6 bulan lalu | GORnya cukup lengkap utk beberapa cabor. Sayangnya di sini juga dipakai utk aktivitas gantang burung jadi terlalu hiruk pikuk. | Meskipun lapangan indoor bs untuk 3 lapangan voli, tp hanya difungsikan 1 … Lainnya | 0:22 | Suka | Bagikan",,bdbd68ad5c4b
c2a73b3f-04a8-50ed-bece-ddc9850df5ae,e8515378-e081-5d0e-8c98-5c226efda1c1,"Triwidodo Ichijyo | Local Guide · 86 ulasan · 116 foto | 9 bulan lalu | ke sini kondangan nikah teman kantor. bagian atas kurang terawat, tempat duduknya banyak kotoran burung. toilet tidak terawat, kotor, bau dan beberapa tidak ada pintunya. padahal ini cukup lengkap fasilitas olah raganya. semoga mendapat perhatian dari pemerintah. | Suka | Bagikan",,4e6de5fbfab2
5a35fc43-642e-596c-8546-3f135a70b5f3,fabc4b73-d1ca-5acc-98f7-6110dba3ebd1,"Doni Prasetyo | Local Guide · 22 ulasan · 90 foto | 3 tahun lalu | tempatnya bersih dan bagus, space untuk parkir lumayan lega meskipun masuknya melalui jalan gang. Harga sewa per jam juga ramah dikantong. thanks | +3 | Suka | Bagikan",,750c060cc403
3c3d4cbc-9e9a-5a3a-94dd-1a2779571cac,fabc4b73-d1ca-5acc-98f7-6110dba3ebd1,"Saiful Anwar | 3 ulasan · 3 foto | 3 tahun lalu | Untuk area indoornya lumayan luas,untuk outdoornya yg msti dibesarin lg.Krna untuk parkirnya khususnya mobil.Yaaa...Tergantung bt dipakai untuk acaranya jg sih.Kl untuk parkir motor,cukup luas bgt. | 2 | Bagikan",,dfd357bbb801
058f586a-4500-5d03-924d-4c1553f6f145,fabc4b73-d1ca-5acc-98f7-6110dba3ebd1,"Supernovin | Local Guide · 104 ulasan · 73 foto | 4 tahun lalu | GOR Serbaguna bisa buat badminton atau disewakan untuk pesta pernikahan. Sewa lapangan badminton weekend 50rb. Lapangan bersih, ada kamar mandi dan deket masjid. Booking dulu sebelumnya tapi ya buat sewa lapangan. | 7 | Bagikan",,42f841140357
17059945-f4fa-5d11-94d8-0808a62e16a0,1f034409-d35e-511b-8c7e-fdde1c1537d8,Dedy Adrianto | Local Guide · 13 ulasan · 42 foto | 8 bulan lalu | Ruangan ballroom berukuran sedang tapi terlihat cukup mewah. | 0:08 | Suka | Bagikan,,9028293741e0
8eb08293-4891-5db0-953d-109a08c68aca,1f034409-d35e-511b-8c7e-fdde1c1537d8,"Elsa Tri Meilani | Local Guide · 71 ulasan · 177 foto | 4 tahun lalu | Tempatnya bagus buat wedding. | ini di lantai 10 ya.. | kalau mau pemberkatan pagi cangtip banget pemandangan jakarta keliatan dari … Lainnya | +2 | Suka | Bagikan | Tanggapan dari pemilik 4 tahun lalu | Terima kasih atas reviewnya, kak :)",,34639027de30
855857c2-98ee-5f5e-a8e1-9b6243c6c288,1f034409-d35e-511b-8c7e-fdde1c1537d8,"Johan Surya | Local Guide · 162 ulasan · 481 foto | 6 tahun lalu | great place for event, wedding, seminar, workshop, arisan, perayaan, ulang tahun, arisan. … Lainnya | +3 | 5 | Bagikan | Tanggapan dari pemilik 6 tahun lalu | Terima kasih atas ulasannya. | Diterjemahkan oleh Google ・ Lihat versi asli (Inggris)",,0bdefd094943
5ba53e70-e716-5a99-9889-8f4f5a55148c,176060c8-9e6e-579a-8bee-9d3370ef6613,"five Nurhasanah | Local Guide · 22 ulasan · 141 foto | 2 bulan lalu | Ruangan yang luas, tempat yang bagus untuk kegiatan, lokasi strategis ditengah kota. Parkiran luas. | Suka | Bagikan",,9e96bc9e8212
fa40c977-dae6-5df9-8661-e19266d2d88c,176060c8-9e6e-579a-8bee-9d3370ef6613,"Skyblue | Local Guide · 122 ulasan · 851 foto | 2 tahun lalu | Kesini karena lagi ada acara Asean Weekend Market. Ada tenant makanan dan pernak pernik dr  beberapa negara Asean (sesuai dgn judulnya 😁) Makananya cukup menarik, dan rasanya pun tidak mengecewakan. … Lainnya | 0:11 | +2 | 2 | Bagikan",,c2b31e3189fb
7ca3a4e7-ce85-53d9-ae05-f7241a29cff5,176060c8-9e6e-579a-8bee-9d3370ef6613,"Mutiara P Andini | Local Guide · 13 ulasan · 16 foto | setahun lalu | Area parkir luas, ruangannya nyaman, kemarin kesana waktu ambil rpc pertamina eco run fest 2024. Untuk akses transportasi umum bida naik busway dan mrt. Patokannya dari pintu 5 gbk ke kanan. Mrt kalau mau jalan kaki sedikit ke kiri bisa (halte istora mandiri). Mrt kekanan ada di setelah gd.kemendikbud. | Suka | Bagikan",,d2dcd977d530
cd7b1a49-5328-53bd-a713-302441be0d0b,71f01dbf-c921-534c-8a32-bcb70dfa0250,kevin prathama nugraha | Local Guide · 82 ulasan · 174 foto | 8 tahun lalu | Tempat gedungnya lumayan luas. Cukup utk 1000 tamu undangan. Lapangan parkir tersedia untuk motor dan mobil san hanya parkir lapangan saja. Tidak tersedia parkir basement maupun parkir ke atas gedung. … Lainnya | +17 | 3 | Bagikan,,cb3881a9f3f4
47fde970-46cc-548d-a8dd-564d99ba2d5d,71f01dbf-c921-534c-8a32-bcb70dfa0250,Welly Asdi Putra | Local Guide · 499 ulasan · 1.422 foto | 7 bulan lalu | 1. Parkir mobil luas | 2. Area gedung luas | 3. Toilet bersih | Suka | Bagikan,,76b83697ef66
6345ce98-cd10-59e3-9ad5-2f517259c608,71f01dbf-c921-534c-8a32-bcb70dfa0250,"Aries Yuda | Local Guide · 98 ulasan · 241 foto | 6 tahun lalu | Kebetulan menghadiri acara resepsi pernikahan disini. Sedikit review apabila digunakan sebagai tempat resepsi, sedikit agak crowded dari sisi pintu masuk dan aksesnya, karena berada di lantai 2 yg aksesnya berupa tangga dan eskalator. … Lainnya | Suka | Bagikan",,322edc48c32c
58f8a489-b26a-5676-827b-71549bc41346,d4a97dfb-d664-5b73-be50-f902c6702f7f,"Ferry Faridh | Local Guide · 42 ulasan · 186 foto | 2 bulan lalu | Waaaaw tempat nya bagus, Insyaallah Anak saya mau juga nih resepsi pernikahan disini, parkiran luas, toilet bersih, pokoknya recommended banget deh. | 0:29 | Suka | Bagikan",,50deed4f300e
374dd727-1a7d-515b-bed1-250c4027a54f,d4a97dfb-d664-5b73-be50-f902c6702f7f,"wahyu mia handayani Sunarto | Local Guide · 225 ulasan · 1.173 foto | sebulan lalu | Gedung yang megah dengan fasilitas lengkap. Toiletnya bersih. Biasanya digunakan untuk pesta pernikahan dengan jumlah tamu ribuan, karena daya tampungnya yang besar. | +2 | Suka | Bagikan",,00d0d4935136
b89bedc1-e649-5dc6-ae12-cf8247ccedf8,d4a97dfb-d664-5b73-be50-f902c6702f7f,"Tempat Kusen Pintu kayu | 2 ulasan · 3 foto | 3 bulan lalu | Oke sih gedungnya,,,toiletnya juga bersih. | Lokasinya di Kementrian keuangan,parkiran juga lumayan luas. | 0:29 | 0:21 | Suka | Bagikan",,5458cc003139
578b41b3-5f41-514e-9a40-120bdf31c172,096b6e87-baa1-57e0-b1c7-71e08bbae10a,"ALONA NIA | Local Guide · 71 ulasan · 53 foto | setahun lalu | Klu naik KRL mudah dari stasiun cmn 10-15menit bisa naik bajaj motor ada mart kecil di gedung G ATM juga masuknya mudah, gedung dari A sampe G setipe semua untuk acara hajatan dll baguslah strategis deh | 0:25 | 1 | Bagikan",,853ca358fac4
13930cf4-d3c4-55a6-9a82-7d0619573236,096b6e87-baa1-57e0-b1c7-71e08bbae10a,"River Song | Local Guide · 66 ulasan · 76 foto | 2 tahun lalu | Karena dibuat untuk mendukung kegiatan kantor, ukurannya cukup untuk menampung kurang lebih jumlah banyak pegawai. | Pencahayaan agak kurang dan AC kurang terasa saat ruangan penuh. | Untuk sound sistem, kadang ada kebocoran suara dari ruangan lain. | 1 | Bagikan",,7f371ea43aa2
50665422-3141-5737-b2f1-1ebc9d734b4d,096b6e87-baa1-57e0-b1c7-71e08bbae10a,"Helda Sulistiowaty | Local Guide · 21 ulasan · 20 foto | 8 bulan lalu | Menghadiri resepsi pernikahan rekan bisnis suami. Bagus, luas. Nice to be here. | Suka | Bagikan",,984235bb1ab1
05fb276b-89a0-5c7a-a2cf-047c6a8f3979,e02b5093-ba4c-571c-a984-24e303cdcd7e,"Isnan 1630 | Local Guide · 63 ulasan · 81 foto | sebulan lalu | Kesini dalam acara undangan pernikahan, tempatnya adem lega cocok buat acara2 kegiatan. Parkiran lumayan luas dan akses gampang.mudah2an dilain waktu dapat undangan lagi ke tempat ini | 0:16 | Suka | Bagikan",,517321ccbd68
334fecc1-7487-5a65-b965-94f86e24eade,e02b5093-ba4c-571c-a984-24e303cdcd7e,"Dlanerluzd | Local Guide · 742 ulasan · 3.466 foto | 3 tahun lalu | Gedung serbaguna yang berada di kawasan wisma TNI AL. Gedung bisa disewa untuk acara besar. Cukup luas gedungnya, suhu ac cukup baik. Full karpet untuk lantainya. Tersedia toilet. Parkirannya cukup luas dan akses masuknya mudah dari jalan raya. | +2 | 1 | Bagikan",,d8e795026bfd
d385ba2e-c330-50e2-8303-cf461589a856,e02b5093-ba4c-571c-a984-24e303cdcd7e,"Rahmatika Khoirunisa | Local Guide · 78 ulasan · 89 foto | 3 tahun lalu | Gedungnya bagus, pintu masuknya jg ngga muter2, tp dilantai atasnya panas (atau krn ngga dipakai jd ac nya ngga dinyalain). Utk kapasitas 500pax kyny kl cmn 1 lantai agak sempit, yg paling enak ruang tunggu makeup perempuannya 👍🏻 … | Suka | Bagikan",,cdbcb25a20d1
fe4e1772-04d7-51cf-bb2e-7274a727eff6,b5ea1342-2218-58d1-bbbb-320bc29367ec,"PLS | 2 ulasan · 4 foto | 8 bulan lalu | Ketemu tempat ini di sosial media, gak nyangka ternyata tempatnya enak banget buat kerja ataupun sekedar baca buku, tempatnya cozy, tenang, banyak spot yang oke untuk kerja, fasilitas yang oke dengan harga yang affordable, akses menuju ke … Lainnya | Suka | Bagikan",,b8f62e8177b8
8429b101-2215-5fd5-a0bb-e023ab0cb969,b5ea1342-2218-58d1-bbbb-320bc29367ec,"regita precillia | Local Guide · 12 ulasan · 29 foto | setahun lalu | tempat nya super cozy nyaman, enak banget buat nugas, super worth it buat seharian kerja, ada pantry juga yg bisa bikin kopi atau teh | +5 | Suka | Bagikan",,f547e1423439
7197dab4-baa6-5237-b79f-aa3d9aa7e7d2,b5ea1342-2218-58d1-bbbb-320bc29367ec,"Setia Ningrum | 9 ulasan · 6 foto | setahun lalu | Tempat yang cocok untuk wfh/meeting/diskusi, lokasi mudah dicari, ada cafe disebelah co working space jadi ga perlu khawatir kalau butuh kopi/makanan, ada mushalla, kamar mandi cukup bersih, plus ada pantry bebas buat teh/kopi, free refill air dan ada microwave. So far nyaman wfh disini | Suka | Bagikan",,016c458b79a6
3e4a1c9c-fa04-56ef-8267-979306da1ebc,13c2ce81-a2dc-5c67-9e39-c4136c0450e6,"Erick Pijoh | 5 ulasan · 3 foto | setahun lalu | 100/100! Creya Space Kebon Jeruk memenuhi semua kebutuhan kami. Lokasi strategis, fasilitas lengkap, ruang meeting, WiFi cepat (WiFi segalanya buat kami!), nyaman & pelayanan ramah. Sangat puas! Very Recommended! | Suka | Bagikan | Tanggapan dari pemilik setahun lalu | Halo Kak Erick❤️ | Terima Kasih telah mempercayai Creya Space",,1d3c1401c087
155455ed-511f-5c31-8527-9a1ab2c0653f,13c2ce81-a2dc-5c67-9e39-c4136c0450e6,"Syahwa Utari Yustiani | 6 ulasan · 9 foto | setahun lalu | sewa meeting room di creya fasilitas nya lengkap, udah include HDMI kalo mau presentasi, gaoerlu ribet lagi, pokoknya nyaman bgt lah meeting di creya | Suka | Bagikan | Tanggapan dari pemilik setahun lalu | Halo Kak Syahwa❤️ | Terima Kasih telah mempercayai Creya Spaces",,b275adc7f52d
f6ee2107-e151-5d7d-94fe-556d4231ec1e,13c2ce81-a2dc-5c67-9e39-c4136c0450e6,"Bramantio Ernowo | Local Guide · 13 ulasan · 48 foto | setahun lalu | Tempat strategis, fasilitas lengkap & nyaman dengan layanan ramah. Bisa buka untuk kerja sampai malam (lembur) | Suka | Bagikan | Tanggapan dari pemilik setahun lalu | Halo Kak Bramantio❤️ | Terima Kasih telah mempercayai Creya Space",,b463ed437d26
a49109af-3b7a-53ec-9878-6d6c78cb2396,594622b2-8a69-5433-95b6-4bbd0647fac7,"Andris cool | 6 ulasan · 7 foto | sebulan lalu | Hari ini saya ketemu dengan seorang kakek mungkin WNA korea, setelah melihat review customer sebelumnya bahwa kakek ini nonton youtube bawa laptop tapi pakai loudspeaker, tidak memakai headseat sama sekali, brisik sekali, saya tidak bisa … Lainnya | Suka | Bagikan | Tanggapan dari pemilik 2 jam lalu | Halo Andris, terima kasih atas masukannya dan kami memohon maaf atas ketidaknyamanan yang Anda rasakan selama berada di GoWork Central Park. … Lainnya",,06a2e81f0d13
1f5b03aa-6d86-5ddc-8691-214bb008614a,594622b2-8a69-5433-95b6-4bbd0647fac7,"Raden Diky Dermawan | Local Guide · 870 ulasan · 4.564 foto | setahun lalu | CoWorking space yang enak dan nyaman. Selain office space dengan bilik, ada open space yang sangat luas dan variatif. … Lainnya | Suka | Bagikan | Tanggapan dari pemilik setahun lalu | Terima kasih telah meluangkan waktu untuk berbagi cerita! Kami sangat senang mengetahui Anda merasa puas dengan pengalaman di ruang kerja kami. Masukan Anda sangat berarti bagi kami dalam menciptakan layanan dan lingkungan kerja yang … Lainnya",,3a24b7bbb111
6071e048-5727-54c7-8037-072ec60f548b,594622b2-8a69-5433-95b6-4bbd0647fac7,"Josephine Angela | Local Guide · 73 ulasan · 267 foto | 4 tahun lalu | Lumayan besar tempatnya, ada kursi yang lucu juga, wifinya juga kenceng, terdapat ruangan untuk meeting juga yang kedap suara, menurutku acnya lumayan dingin, | bisa refill air minum juga di pantrynya, … Lainnya | 2 | Bagikan | Tanggapan dari pemilik 4 tahun lalu | Hai Josephine, | Terima kasih atas ulasan & penilaian Anda! … Lainnya | Diterjemahkan oleh Google ・ Lihat versi asli (Inggris)",,e19112faec39
