keyword,nama,kategori,alamat,lat,lng,rating,jumlah_review,jam_operasional_raw,telepon,website,harga_text,price_level,url_google_maps,place_id
aula,Nafiri Convention Hall Central Park,Gedung Pertemuan,"Jl. Letjen S. Parman No.28 12, RT.12/RW.6, Tj. Duren Sel., Kec. Grogol petamburan, Kota Jakarta Barat, Daerah Khusus Ibukota Jakarta 11470",-6.1765856,106.7915794,4.8,657.0,Senin: 10.00–22.00 | Selasa: 10.00–22.00 | Rabu: 10.00–22.00 | Kamis: 10.00–22.00 | Jumat: 10.00–22.00 | Sabtu: 10.00–22.00 | Minggu: 10.00–22.00,021) 56985388,http://www.ndcministry.org/,,,"https://www.google.com/maps/place/Nafiri+Convention+Hall+Central+Park/@-6.1765856,106.7915794,17z/data=!3m1!4b1!4m6!3m5!1s0x2e69f65f9d433c71:0xad127915e1bac9b!8m2!3d-6.1765856!4d106.7915794!16s%2Fg%2F11c37_44hv?entry=ttu&g_ep=EgoyMDI2MDgyNi4wIKXMDSoASAFQAw%3D%3D",11c37_44hv
aula,Kemala Ballroom,Gedung Pertemuan,"Jl. Arjuna Utara No.9, RT.1/RW.2, Duri Kepa, Kec. Kb. Jeruk, Kota Jakarta Barat, Daerah Khusus Ibukota Jakarta 11510",-6.1853077,106.7790606,4.6,256.0,Senin: 10.00–17.00 | Selasa: 10.00–17.00 | Rabu: 10.00–17.00 | Kamis: 10.00–17.00 | Jumat: 10.00–17.00 | Sabtu: 10.00–17.00 | Minggu: 10.00–17.00,0851-4728-7880,,,,"https://www.google.com/maps/place/Kemala+Ballroom/@-6.1853077,106.7790606,17z/data=!3m1!4b1!4m6!3m5!1s0x2e69f6fbae909675:0x8dfe621fa81778c4!8m2!3d-6.1853077!4d106.7790606!16s%2Fg%2F11cjj6pnsy?entry=ttu&g_ep=EgoyMDI2MDgyNi4wIKXMDSoASAFQAw%3D%3D",11cjj6pnsy
aula,The Vida Ballroom,Ruang Serbaguna,"Jl. Perjuangan No.8, RT.1/RW.7, Kb. Jeruk, Kec. Kb. Jeruk, Kota Jakarta Barat, Daerah Khusus Ibukota Jakarta 11530",-6.1911516,106.7596054,4.4,1202.0,Senin: 08.00–17.00 | Selasa: 08.00–17.00 | Rabu: 08.00–17.00 | Kamis: 08.00–17.00 | Jumat: 08.00–17.00 | Sabtu: 12.00–18.00 | Minggu: 12.00–18.00,0811-8882-897,http://www.thevidaballroom.com/,,,"https://www.google.com/maps/place/The+Vida+Ballroom/@-6.1911516,106.7596054,17z/data=!3m1!4b1!4m6!3m5!1s0x2e69f71b04cc3c37:0xe0bab0cc25e78ab3!8m2!3d-6.1911516!4d106.7596054!16s%2Fg%2F11b6j48vlq?entry=ttu&g_ep=EgoyMDI2MDgyNi4wIKXMDSoASAFQAw%3D%3D",11b6j48vlq
aula,XO Hall,Ruang Serbaguna,"Jl. Tanjung Duren Barat III No.1, RT.9/RW.5, Tj. Duren Utara, Kec. Grogol petamburan, Kota Jakarta Barat, Daerah Khusus Ibukota Jakarta 11470",-6.1777508,106.7802651,4.7,310.0,Senin: 07.00–21.00 | Selasa: 07.00–21.00 | Rabu: 07.00–21.00 | Kamis: 07.00–21.00 | Jumat: 07.00–21.00 | Sabtu: 07.00–21.00 | Minggu: 07.00–21.00,0811-8082-080,,,,"https://www.google.com/maps/place/XO+Hall/@-6.1777508,106.7802651,17z/data=!3m1!4b1!4m6!3m5!1s0x2e69f64c6e79acd3:0x11af83eb8647c8c9!8m2!3d-6.1777508!4d106.7802651!16s%2Fg%2F11c3tjv859?entry=ttu&g_ep=EgoyMDI2MDgyNi4wIKXMDSoASAFQAw%3D%3D",11c3tjv859
aula,Aula Gedung Serbaguna Komplek Hankam Slipi,Aula serbaguna,"RQ2V+77G, Jl. Kiwal, RT.6/RW.2, Palmerah, Kec. Palmerah, Kota Jakarta Barat, Daerah Khusus Ibukota Jakarta 11480",-6.1993201,106.7931998,4.4,810.0,,05873167537,,,,"https://www.google.com/maps/place/Aula+Gedung+Serbaguna+Komplek+Hankam+Slipi/@-6.1993201,106.7931998,17z/data=!3m1!4b1!4m6!3m5!1s0x2e69f6c06eff719b:0x70c6e64536b27b65!8m2!3d-6.1993201!4d106.7931998!16s%2Fg%2F11b7f1lgv6?entry=ttu&g_ep=EgoyMDI2MDgyNi4wIKXMDSoASAFQAw%3D%3D",11b7f1lgv6
aula,Aula Karang Taruna,Gedung Pertemuan,"Rawa Belong 2 No.3, RT.3/RW.11, Palmerah, Kec. Palmerah, Kota Jakarta Barat, Daerah Khusus Ibukota Jakarta 11480",-6.2015948,106.7882547,4.5,52.0,Rabu: sore dan Jumat sore di tunggu | Jumat: sore di tunggu,05873167537,,,,"https://www.google.com/maps/place/Aula+Karang+Taruna/@-6.2015948,106.7882547,17z/data=!3m1!4b1!4m6!3m5!1s0x2e69f6c3df1f7e67:0x6a69ab05ff820672!8m2!3d-6.2015948!4d106.7882547!16s%2Fg%2F11b6gjmmnm?entry=ttu&g_ep=EgoyMDI2MDgyNi4wIKXMDSoASAFQAw%3D%3D",11b6gjmmnm
aula,AULA RT 04 RW 011 RAWA BUAYA,Ruang Serbaguna,"Jl. Suka Menanti, RT.4/RW.11, Rw. Buaya, Kecamatan Cengkareng, Kota Jakarta Barat, Daerah Khusus Ibukota Jakarta 11740",-6.1586404,106.7453933,4.9,29.0,Senin: Buka 24 jam | Selasa: Buka 24 jam | Rabu: Buka 24 jam | Kamis: Buka 24 jam | Jumat: Buka 24 jam | Sabtu: Buka 24 jam | Minggu: Buka 24 jam,05873167537,,,,"https://www.google.com/maps/place/AULA+RT+04+RW+011+RAWA+BUAYA/@-6.1586404,106.7453933,17z/data=!3m1!4b1!4m6!3m5!1s0x2e69f707dd0d9e15:0x5a79dbf4cfa504be!8m2!3d-6.1586404!4d106.7453933!16s%2Fg%2F11ssdp09y3?entry=ttu&g_ep=EgoyMDI2MDgyNi4wIKXMDSoASAFQAw%3D%3D",11ssdp09y3
halaman,Komplek Moneter Dep.keuangan,Otoritas Perumahan,"Jl. Kemanggisan Raya No.6 5, RT.6/RW.13, Palmerah, Kec. Palmerah, Kota Jakarta Barat, Daerah Khusus Ibukota Jakarta 11480",-6.1929125,106.7843844,4.5,63.0,,05873167537,,,,"https://www.google.com/maps/place/Komplek+Moneter+Dep.keuangan/@-6.1929125,106.7843844,17z/data=!3m1!4b1!4m6!3m5!1s0x2e69f6e8d1f8a7e7:0xb514d9778c564687!8m2!3d-6.1929125!4d106.7843844!16s%2Fg%2F11c4bc24rz?entry=ttu&g_ep=EgoyMDI2MDgyNi4wIKXMDSoASAFQAw%3D%3D",11c4bc24rz
halaman,Green Mansion,Komplek perumahan,"Jl. Daan Mogot No.KM 10, RT.9/RW.3, Kedaung Kali Angke, Kecamatan Cengkareng, Kota Jakarta Barat, Daerah Khusus Ibukota Jakarta 11710",-6.1581871,106.7638632,4.0,635.0,Senin: Buka 24 jam | Selasa: Buka 24 jam | Rabu: Buka 24 jam | Kamis: Buka 24 jam | Jumat: Buka 24 jam | Sabtu: Buka 24 jam | Minggu: Buka 24 jam,021) 54381077,http://www.greenmansion.org/,,,"https://www.google.com/maps/place/Green+Mansion/@-6.1581871,106.7638632,17z/data=!3m1!4b1!4m6!3m5!1s0x2e69f7946a8728c3:0x6def34e3e27ba3e6!8m2!3d-6.1581871!4d106.7638632!16s%2Fg%2F11nxswjnr8?entry=ttu&g_ep=EgoyMDI2MDgyNi4wIKXMDSoASAFQAw%3D%3D",11nxswjnr8
halaman,Camden House Residence,Perumahan,"Jl. Siantan No.3 4, RT.4/RW.8, Srengseng, Kec. Kembangan, Kota Jakarta Barat, Daerah Khusus Ibukota Jakarta 11630",-6.1988179,106.7522752,4.4,137.0,,021) 5865667,,,,"https://www.google.com/maps/place/Camden+House+Residence/@-6.1988179,106.7522752,17z/data=!3m1!4b1!4m6!3m5!1s0x2e69f715f7737787:0xc8c1cb1d7ad410d0!8m2!3d-6.1988179!4d106.7522752!16s%2Fg%2F1hm4911y8?entry=ttu&g_ep=EgoyMDI2MDgyNi4wIKXMDSoASAFQAw%3D%3D",1hm4911y8
aula,ONE-A WEDDING HALL,Gedung Parkir,"Jalan Arjuna Utara No.9 kebon jeruk, Universitas esa unggul, Duri Kepa, Kebon Jeruk, RT.1/RW.2, RT.1/RW.2, Duri Kepa, Kec. Kb. Jeruk, Kota Jakarta Barat, Daerah Khusus Ibukota Jakarta 11510",-6.1852831,106.7790153,4.5,,,0851-4728-7880,,,,"https://www.google.com/maps/place/ONE-A+WEDDING+HALL/@-6.1852831,106.7790153,17z/data=!3m1!4b1!4m6!3m5!1s0x2e69f6fba93900bb:0x37fea21255de4af9!8m2!3d-6.1852831!4d106.7790153!16s%2Fg%2F11c325f003?entry=ttu&g_ep=EgoyMDI2MDgyNS4wIKXMDSoASAFQAw%3D%3D",11c325f003
aula,Ahava Hall,Aula serbaguna,"Jalan Lingkar Luar Kav. 35-36, Duri Kosambi, RT.1/RW.3, Rw. Buaya, Kecamatan Cengkareng, Kota Jakarta Barat, Daerah Khusus Ibukota Jakarta 11750",-6.1661747,106.7278062,4.5,373.0,Senin: 10.00–22.00 | Selasa: 10.00–22.00 | Rabu: 10.00–22.00 | Kamis: 10.00–22.00 | Jumat: 10.00–22.00 | Sabtu: 10.00–22.00 | Minggu: 10.00–22.00,05873167537,,,,"https://www.google.com/maps/place/Ahava+Hall/@-6.1661747,106.7278062,17z/data=!3m1!4b1!4m6!3m5!1s0x2e69f78918c115cf:0xf07b1c3ef0de8557!8m2!3d-6.1661747!4d106.7278062!16s%2Fg%2F11c1pqply0?entry=ttu&g_ep=EgoyMDI2MDgyNS4wIKXMDSoASAFQAw%3D%3D",11c1pqply0
aula,Studio RCTI+,Gedung Konser,"Gedung RCTI, Raya, Jl. F Perjuangan No. 1, RT.11/RW.10, Kebon Jeruk, Kebonjeruk, West Jakarta City, Jakarta 11530",-6.1906255,106.7665534,4.6,609.0,,05873167537,,,,"https://www.google.com/maps/place/Studio+RCTI%2B/@-6.1906255,106.7665534,17z/data=!3m1!4b1!4m6!3m5!1s0x2e69f7c146d7e2bb:0x39d054faf55d3677!8m2!3d-6.1906255!4d106.7665534!16s%2Fg%2F11fnhqrnmr?entry=ttu&g_ep=EgoyMDI2MDgyNS4wIKXMDSoASAFQAw%3D%3D",11fnhqrnmr
halaman,apartement royal mediterania garden residence podomoro city,Gedung Apartemen,"Letjen S. Parman No.Kav.28, RT.15/RW.5, Tj. Duren Sel., Kec. Grogol petamburan, Kota Jakarta Barat, Daerah Khusus Ibukota Jakarta 11470",-6.1764391,106.7891217,4.1,225.0,,021) 29206288,,,,"https://www.google.com/maps/place/apartement+royal+mediterania+garden+residence+podomoro+city/@-6.1764391,106.7891217,17z/data=!3m1!4b1!4m6!3m5!1s0x2e69f65f2441833b:0xcb9754290990043d!8m2!3d-6.1764391!4d106.7891217!16s%2Fg%2F1yh5tbccd?entry=ttu&g_ep=EgoyMDI2MDgyNS4wIKXMDSoASAFQAw%3D%3D",1yh5tbccd
halaman,Mediterania Garden Residences,Gedung Apartemen,"Jl. Tanjung Duren Raya No No.Kav 5-9 3, RT.3/RW.5, Tj. Duren Sel., Kec. Grogol petamburan, Kota Jakarta Barat, Daerah Khusus Ibukota Jakarta 11470",-6.174196,106.7884612,4.2,397.0,Senin: Buka 24 jam | Selasa: Buka 24 jam | Rabu: Buka 24 jam | Kamis: Buka 24 jam | Jumat: Buka 24 jam | Sabtu: Buka 24 jam | Minggu: Buka 24 jam,021) 56946888,,,,"https://www.google.com/maps/place/Mediterania+Garden+Residences/@-6.174196,106.7884612,17z/data=!3m1!4b1!4m6!3m5!1s0x2e69f6592a100477:0x435fd0c7856ee466!8m2!3d-6.174196!4d106.7884612!16s%2Fg%2F11bzwr6s37?entry=ttu&g_ep=EgoyMDI2MDgyNS4wIKXMDSoASAFQAw%3D%3D",11bzwr6s37
halaman,Tangkas Sports Centre,Kompleks Olahraga,"Komplek Greenville, Jl. Tj. Duren Barat, RT.11/RW.9, Duri Kepa, Kebonjeruk, West Jakarta City, Jakarta 11510",-6.1684245,106.7770855,4.9,3627.0,Senin: 06.00–00.00 | Selasa: 06.00–00.00 | Rabu: 06.00–00.00 | Kamis: 06.00–00.00 | Jumat: 06.00–00.00 | Sabtu: 06.00–00.00 | Minggu: 06.00–00.00,0811-1575-587,http://www.tangkassc.com/,,,"https://www.google.com/maps/place/Tangkas+Sports+Centre/@-6.1684245,106.7770855,17z/data=!3m1!4b1!4m6!3m5!1s0x2e69f6511172ce95:0x7c9350267dc6055a!8m2!3d-6.1684245!4d106.7770855!16s%2Fg%2F1tkhffl3?entry=ttu&g_ep=EgoyMDI2MDgyNS4wIKXMDSoASAFQAw%3D%3D",1tkhffl3
halaman,Rukita Tosiga Kebon Jeruk - Kost Coliving,Akomodasi berlayanan,"Jl. Tosiga III Dalam No.45, RT.1/RW.4, Kb. Jeruk, Kec. Kb. Jeruk, Kota Jakarta Barat, Daerah Khusus Ibukota Jakarta 11530",-6.1917308,106.7775234,4.6,17.0,,0811-9008-7829,https://www.rukita.co/place/ruktia-tosiga-kebon-jeruk?utm_source=referral&utm_medium=GMB&utm_campaign=property&utm_content=ruktia-tosiga-kebon-jeruk,,,"https://www.google.com/maps/place/Rukita+Tosiga+Kebon+Jeruk+-+Kost+Coliving/@-6.1917308,106.7775234,17z/data=!3m1!4b1!4m6!3m5!1s0x2e69f7eebfaedf57:0x2060615867b6594d!8m2!3d-6.1917308!4d106.7775234!16s%2Fg%2F11tggflps5?entry=ttu&g_ep=EgoyMDI2MDgyNS4wIKXMDSoASAFQAw%3D%3D",11tggflps5
halaman,Melrose Place Residence,Hotel jangka panjang,"Melrose Place, Ruko Jl. Rw. Belong No.56 No. 2, RT.8/RW.15, Palmerah, Kec. Palmerah, Kota Jakarta Barat, Daerah Khusus Ibukota Jakarta 11540",-6.2028902,106.7829649,4.6,71.0,,0881-7295-053,,,,"https://www.google.com/maps/place/Melrose+Place+Residence/@-6.2028902,106.7829649,17z/data=!3m1!4b1!4m6!3m5!1s0x2e69f7a6b91549e3:0xd8066ae86d972027!8m2!3d-6.2028902!4d106.7829649!16s%2Fg%2F11j8k186jx?entry=ttu&g_ep=EgoyMDI2MDgyNS4wIKXMDSoASAFQAw%3D%3D",11j8k186jx
taman,Taman Wijaya Kusuma,Taman,"Jl. Wijaya Kusuma No.7, RT.7/RW.12, Duri Kosambi, Kecamatan Cengkareng, Kota Jakarta Barat, Daerah Khusus Ibukota Jakarta 11750",-6.1780323,106.7044249,4.5,1080.0,Jumat: AKTIFSedikit sibuk,05873167537,,,· $,"https://www.google.com/maps/place/Taman+Wijaya+Kusuma/@-6.1780323,106.7044249,17z/data=!3m1!4b1!4m6!3m5!1s0x2e69f8345d670fa9:0xe52c9f9c447f36ae!8m2!3d-6.1780323!4d106.7044249!16s%2Fg%2F11c0xq8nq8?entry=ttu&g_ep=EgoyMDI2MDgyNS4wIKXMDSoASAFQAw%3D%3D",11c0xq8nq8
taman,RPTRA Krendang,Taman,"Jl. Krendang Bar. No.8, RT.10/RW.7, Krendang, Kec. Tambora, Kota Jakarta Barat, Daerah Khusus Ibukota Jakarta 11260",-6.1524107,106.80128,4.2,1757.0,Senin: Buka 24 jam | Selasa: Buka 24 jam | Rabu: Buka 24 jam | Kamis: Buka 24 jam | Jumat: Buka 24 jam | Sabtu: Buka 24 jam | Minggu: Buka 24 jam,05873167537,,,,"https://www.google.com/maps/place/RPTRA+Krendang/@-6.1524107,106.80128,17z/data=!3m1!4b1!4m6!3m5!1s0x2e69f613e67dda53:0x8b7cb5fc1d6eac68!8m2!3d-6.1524107!4d106.80128!16s%2Fg%2F11bzss2ml1?entry=ttu&g_ep=EgoyMDI2MDgyNS4wIKXMDSoASAFQAw%3D%3D",11bzss2ml1
taman,Taman Komp DPR I Kb Jeruk,Taman,"Jl. Komp. Dpr 1 No.1, RT.7/RW.2, Kb. Jeruk, Kec. Kb. Jeruk, Kota Jakarta Barat, Daerah Khusus Ibukota Jakarta 11530",-6.1995363,106.7757461,4.6,116.0,Jumat: AKTIFSedikit sibuk,05873167537,,,,"https://www.google.com/maps/place/Taman+Komp+DPR+I+Kb+Jeruk/@-6.1995363,106.7757461,17z/data=!3m1!4b1!4m6!3m5!1s0x2e69f6de12624f93:0xc225e27ae4910626!8m2!3d-6.1995363!4d106.7757461!16s%2Fg%2F11g8kpvlv0?entry=ttu&g_ep=EgoyMDI2MDgyNS4wIKXMDSoASAFQAw%3D%3D",11g8kpvlv0
taman,Taman Jelambar Madya Barat II,Taman,"Jl. Jelembar Madya Barat 6 No.342, RT.15/RW.9, Jelambar, Kec. Grogol petamburan, Kota Jakarta Barat, Daerah Khusus Ibukota Jakarta 11460",-6.1557444,106.7838862,4.1,102.0,Jumat: 06,05873167537,,,,"https://www.google.com/maps/place/Taman+Jelambar+Madya+Barat+II/@-6.1557444,106.7838862,17z/data=!3m1!4b1!4m6!3m5!1s0x2e69f6383f511269:0x1e1b1a1f8b58ac5f!8m2!3d-6.1557444!4d106.7838862!16s%2Fg%2F11dzt6ccyz?entry=ttu&g_ep=EgoyMDI2MDgyNS4wIKXMDSoASAFQAw%3D%3D",11dzt6ccyz
taman,Taman Walikota Jakarta Barat,Taman,"RP7Q+X94, RT.2/RW.2, Kembangan Sel., Kec. Kembangan, Kota Jakarta Barat, Daerah Khusus Ibukota Jakarta 11610",-6.1851128,106.7384451,4.6,54.0,Jumat: AKTIFTidak seramai biasanya | Sabtu: dan masih sepiii 😊 kita naik motor cuman parkiran motor jauh dibelakang hehe...g,05873167537,,,,"https://www.google.com/maps/place/Taman+Walikota+Jakarta+Barat/@-6.1851128,106.7384451,17z/data=!3m1!4b1!4m6!3m5!1s0x2e69f7dba80b0e61:0xc43acda175b406f5!8m2!3d-6.1851128!4d106.7384451!16s%2Fg%2F11lgddykr_?entry=ttu&g_ep=EgoyMDI2MDgyNS4wIKXMDSoASAFQAw%3D%3D",11lgddykr_
taman,Taman Kota Cattleya,Taman Kota,"Jl. Letjen S. Parman, RT.15/RW.1, Kemanggisan, Kec. Palmerah, Kota Jakarta Barat, Daerah Khusus Ibukota Jakarta 11480",-6.1819063,106.7944073,4.5,6675.0,Senin: 06.00–18.00 | Selasa: 06.00–18.00 | Rabu: 06.00–18.00 | Kamis: 06.00–18.00 | Jumat: 06.00–18.00 | Sabtu: 06.00–18.00 | Minggu: 06.00–18.00,05873167537,,,,"https://www.google.com/maps/place/Taman+Kota+Cattleya/@-6.1819063,106.7944073,16z/data=!3m1!4b1!4m6!3m5!1s0x2e69f68b3ee6be5d:0x9557708125db83f6!8m2!3d-6.1819063!4d106.7944073!16s%2Fg%2F11b7kkt0f2?entry=ttu&g_ep=EgoyMDI2MDgyNS4wIKXMDSoASAFQAw%3D%3D",11b7kkt0f2
taman,Taman Komodo,Taman,"Jl. Anggrek Rosliana II No.2, RT.2/RW.5, Kemanggisan, Kec. Palmerah, Kota Jakarta Barat, Daerah Khusus Ibukota Jakarta 11480",-6.1942252,106.7940925,4.5,532.0,Senin: Buka 24 jam | Selasa: Buka 24 jam | Rabu: Buka 24 jam | Kamis: Buka 24 jam | Jumat: Buka 24 jam | Sabtu: Buka 24 jam | Minggu: Buka 24 jam,05873167537,,,,"https://www.google.com/maps/place/Taman+Komodo/@-6.1942252,106.7940925,17z/data=!3m1!4b1!4m6!3m5!1s0x2e69f6eb34f236b5:0x9a4b65bf5ae41612!8m2!3d-6.1942252!4d106.7940925!16s%2Fg%2F11cnd4cs_c?entry=ttu&g_ep=EgoyMDI2MDgyNS4wIKXMDSoASAFQAw%3D%3D",11cnd4cs_c
taman,RPTRA Jeruk Manis,Taman,"Blok A. 8, Jl. Perumahan Kb. Jeruk Baru No.29 Blok A3, RT.5/RW.8, Kb. Jeruk, Kec. Kb. Jeruk, Kota Jakarta Barat, Daerah Khusus Ibukota Jakarta 11530",-6.1914503,106.7724578,4.5,386.0,Senin: 07.00–17.00 | Selasa: 07.00–17.00 | Rabu: 07.00–17.00 | Kamis: 07.00–17.00 | Jumat: 07.00–17.00 | Sabtu: 07.00–17.00 | Minggu: 07.00–17.00,05873167537,,,,"https://www.google.com/maps/place/RPTRA+Jeruk+Manis/@-6.1914503,106.7724578,17z/data=!3m1!4b1!4m6!3m5!1s0x2e69f6e25ca477a1:0xcb945d295a0fa620!8m2!3d-6.1914503!4d106.7724578!16s%2Fg%2F11g6bh50v0?entry=ttu&g_ep=EgoyMDI2MDgyNS4wIKXMDSoASAFQAw%3D%3D",11g6bh50v0
lapangan,Futsalicious Kebon Jeruk,Lapangan Futsal,"1, Jl. Asem No.34, RT.1/RW.12, Kebon Jeruk, Kebonjeruk, West Jakarta City, Jakarta 11530",-6.18767,106.778869,4.7,33.0,Senin: 08.00–23.00 | Selasa: 08.00–23.00 | Rabu: 08.00–23.00 | Kamis: 08.00–23.00 | Jumat: 08.00–23.00 | Sabtu: 08.00–23.00 | Minggu: 08.00–23.00,0811-9785-994,,,,"https://www.google.com/maps/place/Futsalicious+Kebon+Jeruk/@-6.18767,106.778869,17z/data=!3m1!4b1!4m6!3m5!1s0x2e69f72688c0d1c5:0xc6fb5b0583c36bfb!8m2!3d-6.18767!4d106.778869!16s%2Fg%2F11p5gj6_gr?entry=ttu&g_ep=EgoyMDI2MDgyNS4wIKXMDSoASAFQAw%3D%3D",11p5gj6_gr
lapangan,GOR KEBON JERUK,Lapangan bola basket,"Jl. HH No.1, RT.8/RW.1, Kb. Jeruk, Kec. Kb. Jeruk, Kota Jakarta Barat, Daerah Khusus Ibukota Jakarta 11530",-6.1979181,106.7636341,4.3,514.0,Minggu: lalu,05873167537,,,,"https://www.google.com/maps/place/GOR+KEBON+JERUK/@-6.1979181,106.7636341,17z/data=!3m1!4b1!4m6!3m5!1s0x2e69f72203c96079:0x9fa106874875d93f!8m2!3d-6.1979181!4d106.7636341!16s%2Fg%2F11cjh_n78c?entry=ttu&g_ep=EgoyMDI2MDgyNS4wIKXMDSoASAFQAw%3D%3D",11cjh_n78c
lapangan,Lapangan Tenis Tosiga,Klub Olahraga,"Jl. Tosiga VII, RT.6/RW.4, Kb. Jeruk, Kec. Kb. Jeruk, Kota Jakarta Barat, Daerah Khusus Ibukota Jakarta 11530",-6.1895061,106.7772728,4.5,99.0,Senin: 06.00–22.00 | Selasa: 06.00–22.00 | Rabu: 06.00–22.00 | Kamis: 06.00–22.00 | Jumat: 06.00–22.00 | Sabtu: 06.00–22.00 | Minggu: 06.00–22.00,0877-8816-6066,,,,"https://www.google.com/maps/place/Lapangan+Tenis+Tosiga/@-6.1895061,106.7772728,17z/data=!3m1!4b1!4m6!3m5!1s0x2e69f7ac1b4d3c9d:0x5235a71555ed58c0!8m2!3d-6.1895061!4d106.7772728!16s%2Fg%2F11v9fkc9y9?entry=ttu&g_ep=EgoyMDI2MDgyNS4wIKXMDSoASAFQAw%3D%3D",11v9fkc9y9
lapangan,Lapangan Sepak Bola Wijaya Kusuma,Lapangan Sepak Bola,"Jl. Anggrek Garuda Blok E No.5, RT.5/RW.2, Kemanggisan, Kec. Palmerah, Kota Jakarta Barat, Daerah Khusus Ibukota Jakarta 11480",-6.192696,106.795372,4.6,674.0,Senin: Tutup | Selasa: 07.00–21.00 | Rabu: 07.00–21.00 | Kamis: 07.00–21.00 | Jumat: 07.00–21.00 | Sabtu: 07.00–23.00 | Minggu: 07.00–21.00,05873167537,,,,"https://www.google.com/maps/place/Lapangan+Sepak+Bola+Wijaya+Kusuma/@-6.192696,106.795372,17z/data=!3m1!4b1!4m6!3m5!1s0x2e69f6935f53c0d5:0xc71d0b3aa2af6e7f!8m2!3d-6.192696!4d106.795372!16s%2Fg%2F1yh8027lv?entry=ttu&g_ep=EgoyMDI2MDgyNS4wIKXMDSoASAFQAw%3D%3D",1yh8027lv
lapangan,PBSI Garuda Badminton,Lapangan Bulutangkis,"Jl. Perdana Kusuma Blok Qq No.248AB, RT.1/RW.4, Wijaya Kusuma, Kec. Grogol petamburan, Kota Jakarta Barat, Daerah Khusus Ibukota Jakarta 11460",-6.155484,106.7745602,4.6,,Jumat: 07.00–23.00,0859-5924-7676,,,,"https://www.google.com/maps/place/PBSI+Garuda+Badminton/@-6.155484,106.7745602,17z/data=!3m1!4b1!4m6!3m5!1s0x2e69f7edfab89ce5:0x8ebb5f32356a42b2!8m2!3d-6.155484!4d106.7745602!16s%2Fg%2F11k0yzg6bx?entry=ttu&g_ep=EgoyMDI2MDgyNS4wIKXMDSoASAFQAw%3D%3D",11k0yzg6bx
lapangan,Elang Futsal,Lapangan Futsal,"Jl. Taman Mutiara Prima No.10, RT.2/RW.3, Kb. Jeruk, Kec. Kb. Jeruk, Kota Jakarta Barat, Daerah Khusus Ibukota Jakarta 11530",-6.1954114,106.7784512,4.4,1170.0,Senin: 07.00–22.00 | Selasa: 07.00–22.00 | Rabu: 07.00–22.00 | Kamis: 07.00–22.00 | Jumat: 07.00–22.00 | Sabtu: 07.00–22.00 | Minggu: 07.00–22.00,0811-933-985,https://wa.me/62811933985,,,"https://www.google.com/maps/place/Elang+Futsal/@-6.1954114,106.7784512,17z/data=!3m1!4b1!4m6!3m5!1s0x2e69feca2aa2796f:0x1cf458270e08badf!8m2!3d-6.1954114!4d106.7784512!16s%2Fg%2F11b6xfxl_j?entry=ttu&g_ep=EgoyMDI2MDgyNS4wIKXMDSoASAFQAw%3D%3D",11b6xfxl_j
lapangan,GOR Handayani Kemanggisan,Lapangan Bulutangkis,"Jl. Idhata No.21, RT.11/RW.8, Kemanggisan, Kec. Palmerah, Kota Jakarta Barat, Daerah Khusus Ibukota Jakarta 11480",-6.1872774,106.7900088,4.4,154.0,Jumat: AKTIFSedikit sibuk | Minggu: sore kalo mau ikut gabung ke lapangan jam 16.00 -18.00,0858-1198-8171,,,,"https://www.google.com/maps/place/GOR+Handayani+Kemanggisan/@-6.1872774,106.7900088,17z/data=!3m1!4b1!4m6!3m5!1s0x2e69f6f2716508a9:0x54a988a2c33fb1b4!8m2!3d-6.1872774!4d106.7900088!16s%2Fg%2F11bx9q4xh6?entry=ttu&g_ep=EgoyMDI2MDgyNS4wIKXMDSoASAFQAw%3D%3D",11bx9q4xh6
lapangan,Lapangan Bulutangkis Talenta,Lapangan Bulutangkis,"4, Jl. Sahabat Baru No.92, RT.4/RW.1, Duri Kepa, Kec. Kb. Jeruk, Kota Jakarta Barat, Daerah Khusus Ibukota Jakarta 11510",-6.18624,106.77132,4.5,309.0,Senin: 08.00–23.00 | Selasa: 08.00–23.00 | Rabu: 08.00–23.00 | Kamis: 08.00–23.00 | Jumat: 08.00–23.00 | Sabtu: 08.00–23.00 | Minggu: 08.00–23.00,0816-1974-011,,,,"https://www.google.com/maps/place/Lapangan+Bulutangkis+Talenta/@-6.18624,106.77132,17z/data=!3m1!4b1!4m6!3m5!1s0x2e69f6fd7016cde7:0x22b181fc43456fdd!8m2!3d-6.18624!4d106.77132!16s%2Fg%2F11c2jl_k63?entry=ttu&g_ep=EgoyMDI2MDgyNS4wIKXMDSoASAFQAw%3D%3D",11c2jl_k63
ruang komunitas,Komunitas Imam Karmelit (O.Carm),Lembaga Swadaya Masyarakat (LSM),"Jl. Tosiga II No.L 12 9, RT.9/RW.4, Kb. Jeruk, Kec. Kb. Jeruk, Kota Jakarta Barat, Daerah Khusus Ibukota Jakarta 11530",-6.190539,106.777291,4.3,9.0,Senin: 06.00–00.00 | Selasa: 06.00–00.00 | Rabu: 06.00–00.00 | Kamis: 06.00–00.00 | Jumat: 06.00–00.00 | Sabtu: 06.00–00.00 | Minggu: 06.00–00.00,021) 5491985,,,,"https://www.google.com/maps/place/Komunitas+Imam+Karmelit+(O.Carm)/@-6.190539,106.777291,17z/data=!3m1!4b1!4m6!3m5!1s0x2e69f6e488819bd3:0x96f19517850fe88c!8m2!3d-6.190539!4d106.777291!16s%2Fg%2F1pzrbnd5h?entry=ttu&g_ep=EgoyMDI2MDgyNS4wIKXMDSoASAFQAw%3D%3D",1pzrbnd5h
ruang komunitas,Ruang Cerita Jakarta,Kafe,"Blok AV, Jl. Green Ville No.12, RT.7/RW.14, Duri Kepa, Kec. Kb. Jeruk, Kota Jakarta Barat, Daerah Khusus Ibukota Jakarta 11510",-6.1690946,106.7739458,4.6,13.0,Senin: 09.00–22.00 | Selasa: 09.00–22.00 | Rabu: 09.00–22.00 | Kamis: 09.00–22.00 | Jumat: 09.00–22.00 | Sabtu: 09.00–23.00 | Minggu: 09.00–23.00,0819-0608-1668,https://www.instagram.com/ceritaruangg?igsh=MXhreHh4cWxocmFwZw==,Rp 25–50,·Rp 25–50 rb,"https://www.google.com/maps/place/Ruang+Cerita+Jakarta/@-6.1690946,106.7739458,17z/data=!3m1!4b1!4m6!3m5!1s0x2e69f70049c404f9:0x81fdfd760fd990ef!8m2!3d-6.1690946!4d106.7739458!16s%2Fg%2F11yr4gxzff?entry=ttu&g_ep=EgoyMDI2MDgyNS4wIKXMDSoASAFQAw%3D%3D",11yr4gxzff
ruang komunitas,Ruang Bicara,Asosiasi/organisasi,"Grha Mp, Jl. Kemanggisan Ilir Raya No.23, RT.3/RW.8, Slipi, Kec. Palmerah, Kota Jakarta Barat, Daerah Khusus Ibukota Jakarta 11480",-6.1866229,106.789501,5.0,2.0,,0811-2222-5256,http://ruangbicara.co.id/,,,"https://www.google.com/maps/place/Ruang+Bicara/@-6.1866229,106.789501,17z/data=!3m1!4b1!4m6!3m5!1s0x2e69f730b795d621:0x456f18ed91c6e1d6!8m2!3d-6.1866229!4d106.789501!16s%2Fg%2F11vdjl_bgx?entry=ttu&g_ep=EgoyMDI2MDgyNS4wIKXMDSoASAFQAw%3D%3D",11vdjl_bgx
ruang komunitas,Komunitas Sahabat UMKM,Asosiasi/organisasi,"Jl. Cideng Timur No.76, RT.4/RW.4, Petojo Sel., Kecamatan Gambir, Kota Jakarta Pusat, Daerah Khusus Ibukota Jakarta 10160",-6.1772344,106.8126777,4.7,40.0,Senin: 09.00–16.00 | Selasa: 09.00–16.00 | Rabu: 09.00–16.00 | Kamis: 09.00–16.00 | Jumat: 09.00–16.00 | Sabtu: Tutup | Minggu: Tutup,0858-4642-8346,http://www.sahabatumkm.id/,,,"https://www.google.com/maps/place/Komunitas+Sahabat+UMKM/@-6.1772344,106.8126777,17z/data=!3m1!4b1!4m6!3m5!1s0x2e69f7e62f046ea9:0x9686193169b49022!8m2!3d-6.1772344!4d106.8126777!16s%2Fg%2F11fhwtx_wf?entry=ttu&g_ep=EgoyMDI2MDgyNS4wIKXMDSoASAFQAw%3D%3D",11fhwtx_wf
ruang komunitas,Komunitas Peduli Generasi,Organisasi Pelayanan Sosial,"Jl. Aren No.09 2, RT.7/RW.8, Palmerah, Kec. Palmerah, Jakarta, Daerah Khusus Ibukota Jakarta 11480",-6.1782479,106.8034155,4.4,7.0,Senin: Buka 24 jam | Selasa: Buka 24 jam | Rabu: Buka 24 jam | Kamis: Buka 24 jam | Jumat: Buka 24 jam | Sabtu: Buka 24 jam | Minggu: Buka 24 jam,0812-2185-7739,,,,"https://www.google.com/maps/place/Komunitas+Peduli+Generasi/@-6.1782479,106.8034155,17z/data=!3m1!4b1!4m6!3m5!1s0x2e69f447e3116e13:0x284f7399ba3beb67!8m2!3d-6.1782479!4d106.8034155!16s%2Fg%2F11g8yj413l?entry=ttu&g_ep=EgoyMDI2MDgyNS4wIKXMDSoASAFQAw%3D%3D",11g8yj413l
ruang komunitas,Indorelawan,Organisasi Nonprofit,"Jl. Panglima Polim V No.60 1, RT.1/RW.7, Melawai, Kec. Kby. Baru, Kota Jakarta Selatan, Daerah Khusus Ibukota Jakarta 12160",-6.2525423,106.7978585,4.7,94.0,Senin: 10.00–18.00 | Selasa: 10.00–18.00 | Rabu: 10.00–18.00 | Kamis: 10.00–18.00 | Jumat: 10.00–18.00 | Sabtu: 09.00–17.00 | Minggu: 09.00–17.00,0811-9777-140,,,,"https://www.google.com/maps/place/Indorelawan/@-6.2525423,106.7978585,17z/data=!3m1!4b1!4m6!3m5!1s0x2e69f23b8b134fd1:0x9d0d20df650faebc!8m2!3d-6.2525423!4d106.7978585!16s%2Fg%2F11bw519xzx?entry=ttu&g_ep=EgoyMDI2MDgyNS4wIKXMDSoASAFQAw%3D%3D",11bw519xzx
ruang komunitas,Ruang & Tempo,Ruang Kerja Bersama,"Gedung TEMPO, Jl. Palmerah Barat No.8 3, RT.3/RW.5, Grogol Utara, Kec. Kebayoran Lama, Kota Jakarta Selatan, Daerah Khusus Ibukota Jakarta 12210",-6.208545,106.7899649,4.7,127.0,Senin: 09.00–17.00 | Selasa: 09.00–17.00 | Rabu: 09.00–17.00 | Kamis: 09.00–17.00 | Jumat: 09.00–17.00 | Sabtu: Tutup | Minggu: Tutup,021) 22537522,,,,"https://www.google.com/maps/place/Ruang+%26+Tempo/@-6.208545,106.7899649,17z/data=!3m1!4b1!4m6!3m5!1s0x2e69f7f73653c9ab:0xe995f8ae55623c14!8m2!3d-6.208545!4d106.7899649!16s%2Fg%2F11g0dnxp2h?entry=ttu&g_ep=EgoyMDI2MDgyNS4wIKXMDSoASAFQAw%3D%3D",11g0dnxp2h
ruang komunitas,SPACE AVAILABLE JAKARTA,Restoran,"Jl. Kemang Raya.8B 9, A3000 Cultural Collaboratory, RT.9/RW.1, Bangka, Kec. Mampang Prpt., Kota Jakarta Selatan, Daerah Khusus Ibukota Jakarta 12730",-6.2564795,106.8146083,4.8,558.0,Senin: 11.00–20.00 | Selasa: 11.00–20.00 | Rabu: 11.00–20.00 | Kamis: 11.00–20.00 | Jumat: 11.00–20.00 | Sabtu: 11.00–20.00 | Minggu: 11.00–20.00,0819-9846-0445,https://id.spaceavailable.tv/,Rp 50–200,·Rp 50–200 rb,"https://www.google.com/maps/place/SPACE+AVAILABLE+JAKARTA/@-6.2564795,106.8146083,17z/data=!3m1!4b1!4m6!3m5!1s0x2e69f100090e6c91:0x9ae62bdd250b580a!8m2!3d-6.2564795!4d106.8146083!16s%2Fg%2F11m6fjc1ns?entry=ttu&g_ep=EgoyMDI2MDgyNS4wIKXMDSoASAFQAw%3D%3D",11m6fjc1ns
ruang kampus,Universitas Trisakti,Universitas Swasta,"Jl. Letjen S. Parman No.1, RT.6/RW.16, Grogol, Kec. Grogol petamburan, Kota Jakarta Barat, Daerah Khusus Ibukota Jakarta 11440",-6.1682748,106.7892412,4.5,1624.0,Minggu: lalu,021) 5663232,https://trisakti.ac.id/,,,"https://www.google.com/maps/place/Universitas+Trisakti/@-6.1682748,106.7892412,17z/data=!3m1!4b1!4m6!3m5!1s0x2e69f65cb460416b:0x9e6e30cd9313eeb4!8m2!3d-6.1682748!4d106.7892412!16zL20vMGJmbHF2?entry=ttu&g_ep=EgoyMDI2MDgyNS4wIKXMDSoASAFQAw%3D%3D",0x2e69f65cb460416b
ruang kampus,Universitas Dian Nusantara Kampus Greenville,Institusi Pendidikan,"Jl. Mangga 14 No.6, RT.6/RW.3, Duri Kepa, Kec. Kb. Jeruk, Kota Jakarta Barat, Daerah Khusus Ibukota Jakarta 11510",-6.17241,106.773286,4.9,167.0,Senin: 08.00–16.00 | Selasa: 08.00–16.00 | Rabu: 08.00–16.00 | Kamis: 08.00–16.00 | Jumat: 08.00–16.00 | Sabtu: 08.00–14.00 | Minggu: Tutup,0812-8770-2769,https://undira.ac.id/,,,"https://www.google.com/maps/place/Universitas+Dian+Nusantara+Kampus+Greenville/@-6.17241,106.773286,16z/data=!3m1!4b1!4m6!3m5!1s0x2e69f772e0df8317:0x90c4b7a479aec64c!8m2!3d-6.17241!4d106.773286!16s%2Fg%2F11rj4hgs5h?entry=ttu&g_ep=EgoyMDI2MDgyNS4wIKXMDSoASAFQAw%3D%3D",11rj4hgs5h
ruang kampus,Universitas Tarumanagara,Universitas Swasta,"Jl. Letjen S. Parman No.1, RT.6/RW.16, Tomang, Kec. Grogol petamburan, Kota Jakarta Barat, Daerah Khusus Ibukota Jakarta 11440",-6.1691793,106.7895017,4.5,1414.0,Senin: 08.00–17.00 | Selasa: 08.00–17.00 | Rabu: 08.00–17.00 | Kamis: 08.00–17.00 | Jumat: 08.00–17.00 | Sabtu: 09.00–14.00 | Minggu: Tutup,021) 56958723,http://untar.ac.id/,,· $$,"https://www.google.com/maps/place/Universitas+Tarumanagara/@-6.1691793,106.7895017,16z/data=!3m1!4b1!4m6!3m5!1s0x2e69f65c8572640d:0xc0a066d78372614e!8m2!3d-6.1691793!4d106.7895017!16s%2Fg%2F1v387bls?entry=ttu&g_ep=EgoyMDI2MDgyNS4wIKXMDSoASAFQAw%3D%3D",1v387bls
ruang kampus,Universitas Esa Unggul Kampus Jakarta,Universitas Swasta,"Jl. Arjuna Utara No.9, RT.1/RW.2, Duri Kepa, Kec. Kb. Jeruk, Kota Jakarta Barat, Daerah Khusus Ibukota Jakarta 11510",-6.1858371,106.7790429,4.6,1879.0,Senin: 09.00–17.00 | Selasa: 09.00–17.00 | Rabu: 09.00–17.00 | Kamis: 09.00–17.00 | Jumat: 09.00–17.00 | Sabtu: 09.00–17.00 | Minggu: Tutup,021) 39529950,https://pendaftaran.esaunggul.ac.id/,,· $,"https://www.google.com/maps/place/Universitas+Esa+Unggul+Kampus+Jakarta/@-6.1858371,106.7790429,17z/data=!3m1!4b1!4m6!3m5!1s0x2e69f6fa7ad2e539:0xf4631ccaa3f56416!8m2!3d-6.1858371!4d106.7790429!16s%2Fg%2F1223q9v6?entry=ttu&g_ep=EgoyMDI2MDgyNS4wIKXMDSoASAFQAw%3D%3D",1223q9v6
ruang kampus,Universitas Satyagama Jakarta Barat,Universitas,"Jl. Kamal Raya No.2A, RT.6/RW.8, Cengkareng Tim., Kecamatan Cengkareng, Kota Jakarta Barat, Daerah Khusus Ibukota Jakarta 11730",-6.1434886,106.7308199,4.1,124.0,Senin: 07.00–19.00 | Selasa: 07.00–19.30 | Rabu: 07.00–19.00 | Kamis: 07.00–19.00 | Jumat: 07.00–19.00 | Sabtu: 07.00–19.00 | Minggu: Tutup,021) 5452377,https://www.satyagama.ac.id/,,,https://www.google.com/maps/place/Universitas+Satyagama+Jakarta+Barat/data=!4m7!3m6!1s0x2e69f3bf625fce9f:0x666d9fa5907f44fd!8m2!3d-6.1434886!4d106.7308199!16s%2Fg%2F1hc0hlyqq!19sChIJn85fYr_zaS4R_UR_kKWfbWY,1hc0hlyqq
ruang kampus,Universitas Mpu Tantular Kampus B,Universitas Swasta,"RQ84+9CG, No. Kebon Jeruk, Jl. Puri Kembangan, RT.9/RW.5, Kedoya Sel., Jakarta Barat, Kota Jakarta Barat, Daerah Khusus Ibukota Jakarta 11520",-6.1840594,106.7560764,4.3,51.0,Senin: 08.00–21.00 | Selasa: 08.00–21.00 | Rabu: 08.00–21.00 | Kamis: 08.00–21.00 | Jumat: 08.00–21.00 | Sabtu: 08.00–18.00 | Minggu: Tutup,021) 5819779,http://www.mputantular.ac.id/,,,"https://www.google.com/maps/place/Universitas+Mpu+Tantular+Kampus+B/@-6.1840594,106.7560764,17z/data=!3m1!4b1!4m6!3m5!1s0x2e69f7083c758e25:0x9c6a503bae30335d!8m2!3d-6.1840594!4d106.7560764!16s%2Fg%2F122h0lv7?entry=ttu&g_ep=EgoyMDI2MDgyNS4wIKXMDSoASAFQAw%3D%3D",122h0lv7
ruang kampus,Universitas Bina Nusantara Kampus Anggrek,Universitas Swasta,"Jl. Raya Kb. Jeruk No.27, RT.1/RW.9, Kemanggisan, Kec. Palmerah, Kota Jakarta Barat, Daerah Khusus Ibukota Jakarta 11530",-6.2017585,106.7822547,4.5,1992.0,Senin: 07.00–19.00 | Selasa: 07.00–19.00 | Rabu: 07.00–19.00 | Kamis: 07.00–19.00 | Jumat: 07.00–19.00 | Sabtu: 07.00–15.00 | Minggu: Tutup,05873167537,https://binus.ac.id/,,· $$,"https://www.google.com/maps/place/Universitas+Bina+Nusantara+Kampus+Anggrek/@-6.2017585,106.7822547,17z/data=!3m1!4b1!4m6!3m5!1s0x2e69f6dcc7d2c4ad:0x209cb1eef39be168!8m2!3d-6.2017585!4d106.7822547!16s%2Fg%2F1tfm4234?entry=ttu&g_ep=EgoyMDI2MDgyNS4wIKXMDSoASAFQAw%3D%3D",1tfm4234
ruang kampus,Universitas Dian Nusantara Kampus Tanjung Duren,Universitas,"Jl. Tj. Duren Bar. 2 No.1, RT.1/RW.5, Tj. Duren Utara, Kec. Grogol petamburan, Kota Jakarta Barat, Daerah Khusus Ibukota Jakarta 11470",-6.1757355,106.7832264,4.8,1028.0,Senin: 08.00–16.00 | Selasa: 08.00–16.00 | Rabu: 08.00–16.00 | Kamis: 08.00–16.00 | Jumat: 08.00–16.00 | Sabtu: 08.00–14.00 | Minggu: Tutup,021) 21194454,https://undira.ac.id/,,,"https://www.google.com/maps/place/Universitas+Dian+Nusantara+Kampus+Tanjung+Duren/@-6.1757355,106.7832264,16z/data=!3m1!4b1!4m6!3m5!1s0x2e69f7c264998871:0x25224ba2f2443f47!8m2!3d-6.1757355!4d106.7832264!16s%2Fg%2F11trf9m_cc?entry=ttu&g_ep=EgoyMDI2MDgyNS4wIKXMDSoASAFQAw%3D%3D",11trf9m_cc
area komunal,TMB Pulir,Taman bermain,"1, RT.1/RW.8, Duri Kosambi, Kecamatan Cengkareng, Kota Jakarta Barat, Daerah Khusus Ibukota Jakarta 11750",-6.1832002,106.7179587,4.1,,,05873167537,,,,"https://www.google.com/maps/place/TMB+Pulir/@-6.1832002,106.7179587,17z/data=!3m1!4b1!4m6!3m5!1s0x2e69f9b0c6ec6e09:0x81b9a25e3ebc8a26!8m2!3d-6.1832002!4d106.7179587!16s%2Fg%2F11sg2lmm2n?entry=ttu&g_ep=EgoyMDI2MDgyNS4wIKXMDSoASAFQAw%3D%3D",11sg2lmm2n
area komunal,Taman Pulir,Taman,"1, RT.1/RW.8, Duri Kosambi, Kecamatan Cengkareng, Kota Jakarta Barat, Daerah Khusus Ibukota Jakarta 11750",-6.1832039,106.717958,4.4,192.0,Senin: 08.00–18.00 | Selasa: 08.00–18.00 | Rabu: 08.00–18.00 | Kamis: 08.00–18.00 | Jumat: 08.00–18.00 | Sabtu: 08.00–18.00 | Minggu: 08.00–18.00,05873167537,,,,"https://www.google.com/maps/place/Taman+Pulir/@-6.1832039,106.717958,17z/data=!3m1!4b1!4m6!3m5!1s0x2e69f965b1ac4505:0x7a4e7a9add0a980d!8m2!3d-6.1832039!4d106.717958!16s%2Fg%2F11q4bgd1_b?entry=ttu&g_ep=EgoyMDI2MDgyNS4wIKXMDSoASAFQAw%3D%3D",11q4bgd1_b
area komunal,IPAL KOMUNAL rawa Melati Mandiri,Fasilitas Pengolahan Air Limbah,"RW No.3 3, RT.3/RW.1, Tegal Alur, Kec. Kalideres, Kota Jakarta Barat, Daerah Khusus Ibukota Jakarta 11820",-6.103098,106.7160999,5.0,1.0,,05873167537,,,,"https://www.google.com/maps/place/IPAL+KOMUNAL+rawa+Melati+Mandiri/@-6.103098,106.7160999,17z/data=!3m1!4b1!4m6!3m5!1s0x2e6a02d6b5f5a407:0xe7edad5885d6fffe!8m2!3d-6.103098!4d106.7160999!16s%2Fg%2F11f15kc9kw?entry=ttu&g_ep=EgoyMDI2MDgyNS4wIKXMDSoASAFQAw%3D%3D",11f15kc9kw
area komunal,Taman Kosambi,Taman,"RPJ7+HJ9, Jl. Kemuning Hijau I, RT.1/RW.10, Duri Kosambi, Kecamatan Cengkareng, Kota Jakarta Barat, Daerah Khusus Ibukota Jakarta 11750",-6.1685932,106.7141019,4.6,2329.0,Senin: 07.00–17.00 | Selasa: 07.00–17.00 | Rabu: 07.00–17.00 | Kamis: 07.00–17.00 | Jumat: 07.00–17.00 | Sabtu: 07.00–17.00 | Minggu: 07.00–17.00,05873167537,,,,"https://www.google.com/maps/place/Taman+Kosambi/@-6.1685932,106.7141019,17z/data=!3m1!4b1!4m6!3m5!1s0x2e69f82573f94b6f:0xcafbb22d3081cc0f!8m2!3d-6.1685932!4d106.7141019!16s%2Fg%2F11ggvvklkp?entry=ttu&g_ep=EgoyMDI2MDgyNS4wIKXMDSoASAFQAw%3D%3D",11ggvvklkp
area komunal,RPTA Haji Marzuki,Taman,"Jl. H. Marzuki No.54, RT.5/RW.3, Kb. Jeruk, Kec. Kb. Jeruk, Kota Jakarta Barat, Daerah Khusus Ibukota Jakarta 11530",-6.1952588,106.7719227,4.7,22.0,Jumat: 06,05873167537,,,,"https://www.google.com/maps/place/RPTA+Haji+Marzuki/@-6.1952588,106.7719227,17z/data=!3m1!4b1!4m6!3m5!1s0x2e69f73ace072019:0xe32096fa2de1bd13!8m2!3d-6.1952588!4d106.7719227!16s%2Fg%2F11vc83hj22?entry=ttu&g_ep=EgoyMDI2MDgyNS4wIKXMDSoASAFQAw%3D%3D",11vc83hj22
area komunal,Jakarta Barat Wall Climbing Park,Panjat Tebing,"Jl. Cendrawasih X No.1 1, RT.6/RW.6, Cengkareng Bar., Kecamatan Cengkareng, Kota Jakarta Barat, Daerah Khusus Ibukota Jakarta 11730",-6.143716,106.720879,5.0,12.0,Senin: 14.00–20.00 | Selasa: 14.00–20.00 | Rabu: 14.00–20.00 | Kamis: 14.00–20.00 | Jumat: Tutup | Sabtu: 10.00–21.00 | Minggu: 10.00–21.00,05873167537,,,,"https://www.google.com/maps/place/Jakarta+Barat+Wall+Climbing+Park/@-6.143716,106.720879,17z/data=!3m1!4b1!4m6!3m5!1s0x2e69f9de1e01bb7d:0x24d98f3273754ef7!8m2!3d-6.143716!4d106.720879!16s%2Fg%2F11jcw7t0cb?entry=ttu&g_ep=EgoyMDI2MDgyNS4wIKXMDSoASAFQAw%3D%3D",11jcw7t0cb
area komunal,IPAL Komunal 1 Duri Utara,Kamar Mandi Umum,"14, RT.14/RW.2, North Duri, Tambora, West Jakarta City, Jakarta 11270",-6.1537929,106.8059288,5.0,1.0,,05873167537,,,,"https://www.google.com/maps/place/IPAL+Komunal+1+Duri+Utara/@-6.1537929,106.8059288,17z/data=!3m1!4b1!4m6!3m5!1s0x2e69f75920786f8d:0x2b08fc8c344aa8b0!8m2!3d-6.1537929!4d106.8059288!16s%2Fg%2F11sx5fkgpl?entry=ttu&g_ep=EgoyMDI2MDgyNS4wIKXMDSoASAFQAw%3D%3D",11sx5fkgpl
area komunal,Komunal Cafe & Creative Hub,"Jl. Taman Kebon Sirih 1 No.3, RT.10/RW.4, Kp. Bali, Kecamatan Tanah Abang, Kota Jakarta Pusat, Daerah Khusus Ibukota Jakarta 10250","Jl. Taman Kebon Sirih 1 No.3, RT.10/RW.4, Kp. Bali, Kecamatan Tanah Abang, Kota Jakarta Pusat, Daerah Khusus Ibukota Jakarta 10250",-6.1836292,106.8208488,5.0,4.0,,021) 3926111,,,,"https://www.google.com/maps/place/Komunal+Cafe+%26+Creative+Hub/@-6.1836292,106.8208488,17z/data=!3m1!4b1!4m6!3m5!1s0x2e69f599c10b383f:0xd433cbe1203c37a9!8m2!3d-6.1836292!4d106.8208488!16s%2Fg%2F11rylj6pyt?entry=ttu&g_ep=EgoyMDI2MDgyNS4wIKXMDSoASAFQAw%3D%3D",11rylj6pyt
balai warga,BALAI WARGA,Balai masyarakat,"Jl. Kapuk Sawah No.13, RT.13/RW.10, Kapuk, Kecamatan Cengkareng, Kota Jakarta Barat, Daerah Khusus Ibukota Jakarta 11720",-6.139315,106.7534299,4.6,5.0,,05873167537,,,,"https://www.google.com/maps/place/BALAI+WARGA/@-6.139315,106.7534299,17z/data=!3m1!4b1!4m6!3m5!1s0x2e69f7b3ee7b05bb:0xff3b3e6921dc600b!8m2!3d-6.139315!4d106.7534299!16s%2Fg%2F11mc8trs4h?entry=ttu&g_ep=EgoyMDI2MDgyNS4wIKXMDSoASAFQAw%3D%3D",11mc8trs4h
balai warga,Balai Warga Rw,,"Jl. Lontar Timur No.16 15, RT.15/RW.6, Tj. Duren Utara, Kec. Grogol petamburan, Kota Jakarta Barat, Daerah Khusus Ibukota Jakarta 11470",-6.1797675,106.7816768,1.0,1.0,,05873167537,,,,"https://www.google.com/maps/place/Balai+Warga+Rw/@-6.1797675,106.7816768,17z/data=!3m1!4b1!4m6!3m5!1s0x2e69f6f8301b6cb7:0x331e1bd6978097e0!8m2!3d-6.1797675!4d106.7816768!16s%2Fg%2F11ycy5pmdk?entry=ttu&g_ep=EgoyMDI2MDgyNS4wIKXMDSoASAFQAw%3D%3D",11ycy5pmdk
balai warga,Balai Warga dan Sekretariat RW 05 Kebon Jeruk,Balai masyarakat,"4, Jl. Tambangan No.18B, RT.4/RW.5, Kb. Jeruk, Kec. Kb. Jeruk, Kota Jakarta Barat, Daerah Khusus Ibukota Jakarta 11530",-6.19682,106.7813832,4.7,9.0,Senin: Buka 24 jam | Selasa: Buka 24 jam | Rabu: Buka 24 jam | Kamis: Buka 24 jam | Jumat: Buka 24 jam | Sabtu: Buka 24 jam | Minggu: Tutup,05873167537,,,,"https://www.google.com/maps/place/Balai+Warga+dan+Sekretariat+RW+05+Kebon+Jeruk/@-6.19682,106.7813832,17z/data=!3m1!4b1!4m6!3m5!1s0x2e69f73907d02c61:0xfb7a5af2dc431653!8m2!3d-6.19682!4d106.7813832!16s%2Fg%2F11rfcbqg2f?entry=ttu&g_ep=EgoyMDI2MDgyNS4wIKXMDSoASAFQAw%3D%3D",11rfcbqg2f
balai warga,BALAI WARGA,Tempat Parkir,"Jl. Klingkit No.12, RT.12/RW.11, Rw. Buaya, Kecamatan Cengkareng, Kota Jakarta Barat, Daerah Khusus Ibukota Jakarta 11740",-6.1632391,106.7437363,4.0,4.0,,05873167537,,,,"https://www.google.com/maps/place/BALAI+WARGA/@-6.1632391,106.7437363,17z/data=!3m1!4b1!4m6!3m5!1s0x2e69f7a408554063:0xa4868e6afb620b56!8m2!3d-6.1632391!4d106.7437363!16s%2Fg%2F11k3r4v65b?entry=ttu&g_ep=EgoyMDI2MDgyNS4wIKXMDSoASAFQAw%3D%3D",11k3r4v65b
gedung serbaguna,Gedung Serbaguna HKBP Cengkareng,Gedung Pertemuan,"Jl. Bangun Nusa Raya No.2, RT.1/RW.3, Cengkareng Tim., Kecamatan Cengkareng, Kota Jakarta Barat, Daerah Khusus Ibukota Jakarta 11730",-6.1503841,106.7320302,4.3,108.0,"Minggu: pagi sepertinya digunakan untuk kegiatan sekolah minggu.""",021) 5413960,,,,"https://www.google.com/maps/place/Gedung+Serbaguna+HKBP+Cengkareng/@-6.1503841,106.7320302,17z/data=!3m1!4b1!4m6!3m5!1s0x2e69f7f1cb5c1d6f:0xd48715c21a65a144!8m2!3d-6.1503841!4d106.7320302!16s%2Fg%2F11cltb31m4?entry=ttu&g_ep=EgoyMDI2MDgyNS4wIKXMDSoASAFQAw%3D%3D",11cltb31m4
gedung serbaguna,"Gedung Serbaguna ""GSG"" Manba'ul Huda",Asosiasi/organisasi,"Jl. H. Ja'ani No.3, RT.6/RW.11, Kb. Jeruk, Kec. Kb. Jeruk, Kota Jakarta Barat, Daerah Khusus Ibukota Jakarta 11530",-6.1934982,106.7702721,4.9,33.0,,05873167537,,,,"https://www.google.com/maps/place/Gedung+Serbaguna+%22GSG%22+Manba'ul+Huda/@-6.1934982,106.7702721,17z/data=!3m1!4b1!4m6!3m5!1s0x2e69f71d2318ae7f:0x9d50021cd5a16e36!8m2!3d-6.1934982!4d106.7702721!16s%2Fg%2F11s4stxsh7?entry=ttu&g_ep=EgoyMDI2MDgyNS4wIKXMDSoASAFQAw%3D%3D",11s4stxsh7
gedung serbaguna,Gedung Serbaguna Wanilan,Aula serbaguna,"Jl. Tenis Raya No.12, RT.12/RW.14, Kapuk, Kecamatan Cengkareng, Kota Jakarta Barat, Daerah Khusus Ibukota Jakarta 11720",-6.1435759,106.748482,4.2,415.0,Senin: 09.00–22.00 | Selasa: 09.00–22.00 | Rabu: 09.00–22.00 | Kamis: 09.00–22.00 | Jumat: 09.00–22.00 | Sabtu: 09.00–22.00 | Minggu: 09.00–22.00,0896-3579-0042,,,,"https://www.google.com/maps/place/Gedung+Serbaguna+Wanilan/@-6.1435759,106.748482,17z/data=!3m1!4b1!4m6!3m5!1s0x2e69f7dde71359d7:0xde17d4a65dfa3e30!8m2!3d-6.1435759!4d106.748482!16s%2Fg%2F11cs0c_3z7?entry=ttu&g_ep=EgoyMDI2MDgyNS4wIKXMDSoASAFQAw%3D%3D",11cs0c_3z7
gedung serbaguna,SWASANA GRAND SLIPI CONVENTION HALL,Gedung Pernikahan,"Jl. Letjen S. Parman, RT.1/RW.4, Palmerah, Kec. Palmerah, Kota Jakarta Barat, Daerah Khusus Ibukota Jakarta 11480",-6.2007999,106.7985726,4.6,1146.0,Senin: Buka 24 jam | Selasa: Buka 24 jam | Rabu: Buka 24 jam | Kamis: Buka 24 jam | Jumat: Buka 24 jam | Sabtu: Buka 24 jam | Minggu: Buka 24 jam,0811-8339-7121,/url?q=https://swasanawedding.com/grand-slipi-convention-hall/&opi=79508299&sa=U&ved=0ahUKEwiO-8zUmcOWAxUQ8zgGHbPzGl0Q61gIFygS&usg=AOvVaw0NOHQgJXxL6q_I2vcmPZ3K,,,"https://www.google.com/maps/place/SWASANA+GRAND+SLIPI+CONVENTION+HALL/@-6.2007999,106.7985726,17z/data=!3m1!4b1!4m6!3m5!1s0x2e69f6bef2eaaaab:0x480ecca810824c84!8m2!3d-6.2007999!4d106.7985726!16s%2Fg%2F11dyl__ygj?entry=ttu&g_ep=EgoyMDI2MDgyNS4wIKXMDSoASAFQAw%3D%3D",11dyl__ygj
co-working space,Co Work Building,Ruang Kerja Bersama,"Jl. Panjang No.Kav. 10, RT.11/RW.10, Kb. Jeruk, Kec. Kb. Jeruk, Kota Jakarta Barat, Daerah Khusus Ibukota Jakarta 11530",-6.1930484,106.7684877,4.0,23.0,,05873167537,,,,"https://www.google.com/maps/place/Co+Work+Building/@-6.1930484,106.7684877,17z/data=!3m1!4b1!4m6!3m5!1s0x2e69f71dda97a38f:0xa5b13c214e7c206a!8m2!3d-6.1930484!4d106.7684877!16s%2Fg%2F11fxc0mfsd?entry=ttu&g_ep=EgoyMDI2MDgyNS4wIKXMDSoASAFQAw%3D%3D",11fxc0mfsd
co-working space,Social Hub by TwoSpaces,Ruang Kerja Bersama,"Jl. Sosial No.52 53, RT.4/RW.2, Wijaya Kusuma, Grogol petamburan, West Jakarta City, Jakarta 11460",-6.1629183,106.7782936,4.1,301.0,Senin: Buka 24 jam | Selasa: Buka 24 jam | Rabu: Buka 24 jam | Kamis: Buka 24 jam | Jumat: Buka 24 jam | Sabtu: Buka 24 jam | Minggu: Buka 24 jam,05873167537,,,,"https://www.google.com/maps/place/Social+Hub+by+TwoSpaces/@-6.1629183,106.7782936,17z/data=!3m1!4b1!4m6!3m5!1s0x2e69f7d29cd9b283:0xe56c79d10359a17b!8m2!3d-6.1629183!4d106.7782936!16s%2Fg%2F11lgr88dlt?entry=ttu&g_ep=EgoyMDI2MDgyNS4wIKXMDSoASAFQAw%3D%3D",11lgr88dlt
co-working space,WEST 19 OFFICE SPACE,Ruang Kerja Bersama,"Menara Citicon, Jl. Letjen S. Parman No.Kav. 72, RT.4/RW.3, Slipi, Kec. Palmerah, Kota Jakarta Barat, Provinsi DKI Jakarta Barat 11410",-6.1926119,106.7978442,5.0,50.0,Senin: 08.00–17.00 | Selasa: 08.00–17.00 | Rabu: 08.00–17.00 | Kamis: 08.00–17.00 | Jumat: 08.00–17.00 | Sabtu: Tutup | Minggu: Tutup,05873167537,/url?q=https://west19.id/&opi=79508299&sa=U&ved=0ahUKEwja5bKNmsOWAxXJ2TgGHd7wLPEQ61gIEygO&usg=AOvVaw26jFhLFEdf2QSS1YavBr3T,,,"https://www.google.com/maps/place/WEST+19+OFFICE+SPACE/@-6.1926119,106.7978442,17z/data=!3m1!4b1!4m6!3m5!1s0x2e69f70063d00bad:0x44c621b9b279b70e!8m2!3d-6.1926119!4d106.7978442!16s%2Fg%2F11w2_8tgz0?entry=ttu&g_ep=EgoyMDI2MDgyNS4wIKXMDSoASAFQAw%3D%3D",11w2_8tgz0
co-working space,GoWork Central Park - Coworking and Office Space,Ruang Kerja Bersama,"Central Park Mall, Jl. Letjen S. Parman No.114 Level LG, Unit L109, RT.12/RW.1, Tj. Duren Sel., Kec. Grogol petamburan, Kota Jakarta Barat, Daerah Khusus Ibukota Jakarta 11470",-6.1786387,106.7911202,4.7,308.0,Senin: 10.00–18.00 | Selasa: 10.00–18.00 | Rabu: 10.00–18.00 | Kamis: 10.00–18.00 | Jumat: 10.00–18.00 | Sabtu: 10.00–18.00 | Minggu: Tutup,021) 50928959,/url?q=https://go-work.com/&opi=79508299&sa=U&ved=0ahUKEwiLsOugmsOWAxWMz6ACHRpFMMgQ61gIFygS&usg=AOvVaw02x5gKv2MRy6fBz18ac5CR,,,"https://www.google.com/maps/place/GoWork+Central+Park+-+Coworking+and+Office+Space/@-6.1786387,106.7911202,17z/data=!3m1!4b1!4m6!3m5!1s0x2e69f79949e69187:0x172695cc54bbeec8!8m2!3d-6.1786387!4d106.7911202!16s%2Fg%2F11j91hcl51?entry=ttu&g_ep=EgoyMDI2MDgyNS4wIKXMDSoASAFQAw%3D%3D",11j91hcl51
co-working space,Twospaces Intercon - Coworking Space,Ruang Kerja Bersama,"Jl. Perumahan Intercon Kb. Jeruk No.16, RT.5/RW.8, Srengseng, Kec. Kembangan, Kota Jakarta Barat, Daerah Khusus Ibukota Jakarta 11630",-6.1976906,106.7481394,4.8,63.0,Senin: 08.00–18.00 | Selasa: 08.00–18.00 | Rabu: 08.00–18.00 | Kamis: 08.00–18.00 | Jumat: 08.00–18.00 | Sabtu: 08.00–18.00 | Minggu: Tutup,0878-8000-1256,/url?q=https://twospaces.id/property/kebon-jeruk-intercon&opi=79508299&sa=U&ved=0ahUKEwiq2uGzmsOWAxX1zjgGHULALo4Q61gIFygS&usg=AOvVaw1kjajAPs3bINzRnzkBLY1c,,,"https://www.google.com/maps/place/Twospaces+Intercon+-+Coworking+Space/@-6.1976906,106.7481394,17z/data=!3m1!4b1!4m6!3m5!1s0x2e69f76509a2bcb5:0xbcf77c1af76184f6!8m2!3d-6.1976906!4d106.7481394!16s%2Fg%2F11rwq19w8q?entry=ttu&g_ep=EgoyMDI2MDgyNS4wIKXMDSoASAFQAw%3D%3D",11rwq19w8q
co-working space,REQ space,Ruang Kerja Bersama,"Jl. Raya Pos Pengumben No.12A, RT.4/RW.5, Sukabumi Sel., Kec. Kb. Jeruk, Kota Jakarta Barat, Daerah Khusus Ibukota Jakarta 11560",-6.2169729,106.7666253,4.9,125.0,Senin: 08.00–22.00 | Selasa: 08.00–22.00 | Rabu: 08.00–22.00 | Kamis: 08.00–22.00 | Jumat: 08.00–22.00 | Sabtu: 08.00–16.00 | Minggu: Tutup,021) 5349000,/url?q=http://www.reqspace.id/&opi=79508299&sa=U&ved=0ahUKEwi_3M3GmsOWAxXKZSoJHdJ1AH0Q61gIFygS&usg=AOvVaw1MtQLtApNRGz96oRkonFkf,,,"https://www.google.com/maps/place/REQ+space/@-6.2169729,106.7666253,17z/data=!3m1!4b1!4m6!3m5!1s0x2e69f71fa3ce4c15:0xcc516cea4324fe6f!8m2!3d-6.2169729!4d106.7666253!16s%2Fg%2F11hz2dw_mj?entry=ttu&g_ep=EgoyMDI2MDgyNS4wIKXMDSoASAFQAw%3D%3D",11hz2dw_mj
co-working space,TwoSpaces Meruya - Coworking Space,Ruang Kerja Bersama,"Komplex Perkantoran Taman Meruya, Jl. Batu Mulia M No.73 6, RT.6/RW.7, Meruya Utara, Kec. Kembangan, Kota Jakarta Barat, Daerah Khusus Ibukota Jakarta 11620",-6.1926026,106.740088,4.8,85.0,Senin: 08.00–18.00 | Selasa: 08.00–18.00 | Rabu: 08.00–18.00 | Kamis: 08.00–18.00 | Jumat: 08.00–18.00 | Sabtu: 08.00–18.00 | Minggu: Tutup,0878-8000-126,/url?q=http://twospacesgroup.com/&opi=79508299&sa=U&ved=0ahUKEwjhpsbZmsOWAxWayDgGHRg-BFkQ61gIFygS&usg=AOvVaw1r6X9-4iZLaoYaDARzr9SM,,,"https://www.google.com/maps/place/TwoSpaces+Meruya+-+Coworking+Space/@-6.1926026,106.740088,17z/data=!3m1!4b1!4m6!3m5!1s0x2e69f7cada6f0643:0x77c6a652157eabb3!8m2!3d-6.1926026!4d106.740088!16s%2Fg%2F11h4dykbj2?entry=ttu&g_ep=EgoyMDI2MDgyNS4wIKXMDSoASAFQAw%3D%3D",11h4dykbj2
balai warga,BALAI WARGA RW.01 KEL.RAWA BUAYA - Google Maps,,,-6.1586404,106.7453933,,,,05873167537,,,,https://www.google.com/maps/place/BALAI+WARGA+RW.01+KEL.RAWA+BUAYA/data=!4m7!3m6!1s0x2e69f70056dde3e9:0x940325ccd8032643!8m2!3d-6.1586404!4d106.7453933!16s%2Fg%2F11ssdp09y5!19sChIJ6d5WVoD3ay4RQyADMM3MUyQk,11ssdp09y5
balai warga,Balai Warga Moneter,Taman bermain,"Jl. Moneter, RT.5/RW.3, Kembangan Sel., Kec. Kembangan, Kota Jakarta Barat, Daerah Khusus Ibukota Jakarta 11520",-6.1793563,106.74968,5.0,34.0,Senin: Buka 24 jam | Selasa: Buka 24 jam | Rabu: Buka 24 jam | Kamis: Buka 24 jam | Jumat: Buka 24 jam | Sabtu: Buka 24 jam | Minggu: Buka 24 jam,05873167537,,,,"https://www.google.com/maps/place/Balai+Warga+Moneter/@-6.1793563,106.74968,17z/data=!3m1!4b1!4m6!3m5!1s0x2e69f77a98a1ac33:0x8bad0aae81874653!8m2!3d-6.1793563!4d106.74968!16s%2Fg%2F11l379tsfw?entry=ttu&g_ep=EgoyMDI2MDgyNS4wIKXMDSoASAFQAw%3D%3D",11l379tsfw
