keyword,nama,kategori,alamat,lat,lng,rating,jumlah_review,jam_operasional_raw,telepon,website,fasilitas,fasilitas_count,has_busy_hours,total_open_hours_week,facility_score,foto_count,foto_urls,place_id,url_google_maps
aula,Gedung Serbaguna Wanilan,Aula serbaguna,"Jl. Tenis Raya No.12, RT.12/RW.14, Kapuk, Kecamatan Cengkareng, Kota Jakarta Barat, Daerah Khusus Ibukota Jakarta 11720",-6.1435759,106.748482,4.2,415,Senin: 09.00–22.00 | Selasa: 09.00–22.00 | Rabu: 09.00–22.00 | Kamis: 09.00–22.00 | Jumat: 09.00–22.00 | Sabtu: 09.00–22.00 | Minggu: 09.00–22.00,0896-3579-0042,,"Parkir, Kursi roda, Restoran, Bar, Tidak memiliki tempat parkir khusus pengguna kursi roda",5,False,91.0,2,2,https://lh3.googleusercontent.com/gps-cs-s/AHRPTWmTnIbgPD8EjyOrHFpPWuqcpPZ8riQJNS-XnapXxA8pud0I4HbG1ZPRcV-uS0jZw3Sj77sW0NjwuzLjYPklBFAWSEjqPO4Dv7YfvMlj3iJRIa80LCO_3sFckwPjui5IAyH_sNIB=s1024 | https://lh3.googleusercontent.com/gps-cs-s/AHRPTWlPWBkxXJap8nfH5UpBbulIywOxrS6x9aHgOx7KX3GQImpu1BJp5YeYU97lzDHKD8i746IJD8GdFRlEEDyF57k2DcHKRvzWo5tP-68-_ZipGp1ApollanEazQU4jT9ii_3r-cqK=s1024,11cs0c_3z7,"https://www.google.com/maps/place/Gedung+Serbaguna+Wanilan/@-6.1435759,106.748482,17z/data=!3m1!4b1!4m6!3m5!1s0x2e69f7dde71359d7:0xde17d4a65dfa3e30!8m2!3d-6.1435759!4d106.748482!16s%2Fg%2F11cs0c_3z7?entry=ttu&g_ep=EgoyMDI2MDgyNi4wIKXMDSoASAFQAw%3D%3D"
aula,Gudang Serba Guna Mas Bro,Aula serbaguna,"Jl. Kp. Salo No.8, RT.6/RW.4, Kembangan Utara, Kec. Kembangan, Kota Jakarta Barat, Daerah Khusus Ibukota Jakarta 11610",-6.1627834,106.752836,1.0,1,Senin: 08.00–23.00 | Selasa: 08.00–23.00 | Rabu: 08.00–23.00 | Kamis: 08.00–23.00 | Jumat: 08.00–23.00 | Sabtu: 08.00–23.00 | Minggu: 08.00–23.00,0877-7195-7908,,"Parkir, Restoran, Bar, Ada tempat parkir di lokasi",4,False,105.0,1,2,https://lh3.googleusercontent.com/gps-cs-s/AHRPTWlPlA7OkLPC80iwakeuT2RPaBJPZXUZSzp1jVS2rK5aKI9cnGZTZ_mkbE0j7KQaTjpUtzDTtKAF2fOs6HJfv2tAt4OAuZglTcHJDGoSLn8SQJjxWK12VkiETUYNW3RHBxU0kYgzhhbSPqTY=s1024 | https://lh3.googleusercontent.com/gps-cs-s/AHRPTWlLkOgneK6LGqOQz3lqpi00pGwk1KgPu288EkEQ1Ru7iGxCuv8jdZVLCAUcyfQ9QYFcYmufucoKhNSz4s0nEzinb0YhEMa9pGLi0dHHKDJ7vnLPj5GjuUGKRCW6nI9DlxvGvumWythAJMxt=s1024,11zf9_ny2j,"https://www.google.com/maps/place/Gudang+Serba+Guna+Mas+Bro/@-6.1627834,106.752836,17z/data=!3m1!4b1!4m6!3m5!1s0x2e69f7e46060da79:0xe55778da4b50000f!8m2!3d-6.1627834!4d106.752836!16s%2Fg%2F11zf9_ny2j?entry=ttu&g_ep=EgoyMDI2MDgyNi4wIKXMDSoASAFQAw%3D%3D"
aula,Kemala Ballroom,Gedung Pertemuan,"Jl. Arjuna Utara No.9, RT.1/RW.2, Duri Kepa, Kec. Kb. Jeruk, Kota Jakarta Barat, Daerah Khusus Ibukota Jakarta 11510",-6.1853077,106.7790606,4.6,257,Senin: 10.00–17.00 | Selasa: 10.00–17.00 | Rabu: 10.00–17.00 | Kamis: 10.00–17.00 | Jumat: 10.00–17.00 | Sabtu: 10.00–17.00 | Minggu: 10.00–17.00,0851-4728-7880,,"Parkir, Toilet, Kursi roda, Restoran, Bar, Memiliki pintu masuk khusus pengguna kursi roda, Memiliki tempat parkir khusus pengguna kursi roda, Ada toilet khusus pengguna kursi roda, Ada toilet",9,False,49.0,3,8,https://lh3.googleusercontent.com/gps-cs-s/AHRPTWlO_AqO_baKkSUd_jGQ60dZwTbY1Ge02NTyQA-NAbD-CRjY5QBunYYYqRqp0mF8hwc8plesvV4VPQiQyNR9rJfgflyZEs2EeU40Jr0dnjCHEN_Rb8_LpwXFlfh_4m-_gaig_C9s=s1024 | https://lh3.googleusercontent.com/gps-cs-s/AHRPTWlJBsQfcG6H5Eyjl4LbMnUUCKGa1PrLYPl0mFMD96yUCWlrSmszkBq13A4yQK9Vlj4TD0Nb35RbAiWbogRfRJxWfZgI4p3aDXgY4tc5cYtIFeWCg_Ug1cwxFuDbN6fU6gHoJ0TrC9F-eRBQ=s1024 | https://lh3.googleusercontent.com/gps-cs-s/AHRPTWkSlzK9Nbvi4EoJMvM_Pes-QuyrOjEGRmQX3TZFBi5gyvOfNVLjZM8Cll35BsNThmTAv0SjqCdrn6SEpDqWBQ9V_RHCuO-gnpN1oQCeG1do7EDaC-cP9ML_4B88P4a-hjZxuxzX=s1024,11cjj6pnsy,"https://www.google.com/maps/place/Kemala+Ballroom/@-6.1853077,106.7790606,17z/data=!3m1!4b1!4m6!3m5!1s0x2e69f6fbae909675:0x8dfe621fa81778c4!8m2!3d-6.1853077!4d106.7790606!16s%2Fg%2F11cjj6pnsy?entry=ttu&g_ep=EgoyMDI2MDgyNi4wIKXMDSoASAFQAw%3D%3D"
aula,SWASANA GRAND SLIPI CONVENTION HALL,Gedung Pernikahan,"Jl. Letjen S. Parman, RT.1/RW.4, Palmerah, Kec. Palmerah, Kota Jakarta Barat, Daerah Khusus Ibukota Jakarta 11480",-6.2007999,106.7985726,4.6,1147,Senin: Buka 24 jam | Selasa: Buka 24 jam | Rabu: Buka 24 jam | Kamis: Buka 24 jam | Jumat: Buka 24 jam | Sabtu: Buka 24 jam | Minggu: Buka 24 jam,0811-8339-7121,/url?q=https://swasanawedding.com/grand-slipi-convention-hall/&opi=79508299&sa=U&ved=0ahUKEwiAmcT45cqWAxV4kuEIHb0EHqAQ61gIFygS&usg=AOvVaw3EbhupXqgoCNKnL4wmObgx,"Parkir, Toilet, Kursi roda, Restoran, Bar, Memiliki pintu masuk khusus pengguna kursi roda, Memiliki tempat parkir khusus pengguna kursi roda, Ada toilet khusus pengguna kursi roda, Ada toilet, Tempat parkir berbayar",10,True,168.0,3,8,https://lh3.googleusercontent.com/gps-cs-s/AHRPTWlkFwd0lcLSNjyjSHyiZpuYBf0L4T7pEBnuxtBxejc4jEcUlTHN1gS7RxeHx7EWH1fgv0tcdtcHVYJpHCLT21FF3VcJhSe_7_kRGIEoOWK4p-iAaoJwSZtICdW2V72y2QuSZSCC5w=s1024 | https://lh3.googleusercontent.com/gps-cs-s/AHRPTWnOiK-LSmFSLRhpyK6duXgMLYlyG4YxZd-SGnLAabKhmzesacRYMgnZiTOljhJZdhomT1ryjd6BOD-o0NQ_pHQArkzk47P1rbZwhPocvtDu-bOYCLWa7uqX3FwqZY3mb1HkMk8AnQ=s1024 | https://lh3.googleusercontent.com/gps-cs-s/AHRPTWl89SFFZSQviu6xRUG8XXlOn3IzoLNdveVRHNiy2iQpEDiadiGFasEB-lbg9aM64W2scAKnic58R95k41SPdMEuJnOhZQ-oXT9CHxW9D62rqWxNzWLXFEJ3xA6NoR12agUe4VVy=s1024,11dyl__ygj,"https://www.google.com/maps/place/SWASANA+GRAND+SLIPI+CONVENTION+HALL/@-6.2007999,106.7985726,17z/data=!3m1!4b1!4m6!3m5!1s0x2e69f6bef2eaaaab:0x480ecca810824c84!8m2!3d-6.2007999!4d106.7985726!16s%2Fg%2F11dyl__ygj?entry=ttu&g_ep=EgoyMDI2MDgyNi4wIKXMDSoASAFQAw%3D%3D"
aula,Aula Gedung Serbaguna Komplek Hankam Slipi,Aula serbaguna,"RQ2V+77G, Jl. Kiwal, RT.6/RW.2, Palmerah, Kec. Palmerah, Kota Jakarta Barat, Daerah Khusus Ibukota Jakarta 11480",-6.1993201,106.7931998,4.4,811,,000000014901161,,"Parkir, Toilet, Restoran, Bar, Tidak menyediakan layanan pengiriman, Ada toilet",6,False,0.0,2,10,https://lh3.googleusercontent.com/gps-cs-s/AHRPTWmQ_dkcLeqyW12-fcFpYZhWnHwVfYuqNNY6qWwCixFl-P2-s-8kVcXFGshsOUlUcbZKZ236_YF-EHYM_52mymGTRDNlq8PKKTn8gFJp9SBLV6wqv3yk554clg0zG3CWScPM2NRGO7Nnl5yZ=s1024 | https://lh3.googleusercontent.com/gps-cs-s/AHRPTWn6rbX9Nb2UMWciSHeS7z6GNT_dA6UWVOzbSBKzeBgDvrENrToZgmb8ab3yzLgLjxSYTwdmFWfmK3QhVOGZDDchzOckAr_-oTp9hiaSEBVol9sEmW-n5u3TTRLLpAgvsTH721m7UbsVDpU=s1024 | https://lh3.googleusercontent.com/gps-cs-s/AHRPTWnBrpE0OlG8VwZTW2qG7yLYAJk27dBygOzjjUdYAmXi_uiF7OPOg6k1xN6FpHqHXDP91N7ee8JI5gfejvf9fjvPF-JC5NQ4KhHJC3_A-ewz4rKaYwJYeg2C3n7bd2mTWXyO0-O5-d_hsUgr=s1024,11b7f1lgv6,"https://www.google.com/maps/place/Aula+Gedung+Serbaguna+Komplek+Hankam+Slipi/@-6.1993201,106.7931998,17z/data=!3m1!4b1!4m6!3m5!1s0x2e69f6c06eff719b:0x70c6e64536b27b65!8m2!3d-6.1993201!4d106.7931998!16s%2Fg%2F11b7f1lgv6?entry=ttu&g_ep=EgoyMDI2MDgyNi4wIKXMDSoASAFQAw%3D%3D"
aula,Gedung Pernikahan SMK AL HUDA,Gedung Pernikahan,"Jl. Outer Ring Road No.54, RT.6/RW.3, Cengkareng Bar., Kecamatan Cengkareng, Kota Jakarta Barat, Daerah Khusus Ibukota Jakarta 11730",-6.1496503,106.7270006,4.2,235,,000000014901161,,"Parkir, Toilet, Restoran, Bar, Ada toilet",5,False,0.0,2,6,https://lh3.googleusercontent.com/gps-cs-s/AHRPTWltIWo-C-RxTqPdZTnEH1rtrst-mzFQdL4zZU261lpfIIy93Enb0F1QyMgFO0fteLKMcUZ4qWv-xayO3Nqi604rLfJA8_mAmrvHkMkHSBwX8z95wj_n5xK649kZ03ox4gJM_SkO2A=s1024 | https://lh3.googleusercontent.com/gps-cs-s/AHRPTWl0o08vZgMVhl_-mjsAAk0jPxhUNh6J-MYlLXkZAUtH6TxeDbeSJThAnxhmSSZJleMe8KydAZ0c_DeHb93Icfeh0eczzdsXQVK3PfsvnnWgHoBOOa-impPWkuZLg9EZnPRRYj5k=s1024 | https://lh3.googleusercontent.com/gps-cs-s/AHRPTWknkp4KiOyWTRYwX5hlypdFu1uQQg7JHFRDV7Bhl5BzK5vINLc-y0Ag5tBYaiwpi475oLEL5nZ37FvrsRanH4BTEPKNwIvpfho-2QZYr87UNket8xNXu2FEiZzZNKe32xwZoLQl0GqrNuTV=s1024,11csqzbb8z,"https://www.google.com/maps/place/Gedung+Pernikahan+SMK+AL+HUDA/@-6.1496503,106.7270006,17z/data=!3m1!4b1!4m6!3m5!1s0x2e69f7f7705d77a7:0x729f2bc90534c2ed!8m2!3d-6.1496503!4d106.7270006!16s%2Fg%2F11csqzbb8z?entry=ttu&g_ep=EgoyMDI2MDgyNi4wIKXMDSoASAFQAw%3D%3D"
aula,Aula As-Saminiah,Gedung Pernikahan,"Gg. Pandan 1 No.11, RT.11/RW.5, Kembangan Sel., Kec. Kembangan, Kota Jakarta Barat, Daerah Khusus Ibukota Jakarta 11610",-6.1820722,106.7525595,4.7,3,,000000014901161,,"Parkir, Toilet, Restoran, Bar, Ada toilet",5,False,0.0,2,4,https://lh3.googleusercontent.com/gps-cs-s/AHRPTWnudK8oi4eNc-JOAEeNr1PM57RApjcuhkzRVkdmhtpHi0YX-GfMN6hQ0iH1dh5HVfgaFFvyQVTQVIEqEHxYxXqNA_g4x2_FSPM-R7QPKGzw8KF2Y71ynVUNK0i50o1_vft-bVXRyQ=s1024 | https://lh3.googleusercontent.com/gps-cs-s/AHRPTWmQ_dkcLeqyW12-fcFpYZhWnHwVfYuqNNY6qWwCixFl-P2-s-8kVcXFGshsOUlUcbZKZ236_YF-EHYM_52mymGTRDNlq8PKKTn8gFJp9SBLV6wqv3yk554clg0zG3CWScPM2NRGO7Nnl5yZ=s1024 | https://lh3.googleusercontent.com/gps-cs-s/AHRPTWldYlnMmN-YqZCpV-JnvW4fGV2p2vgBRATFrdnUBq35-O0hpAoSB77aG3AF4mi5GQvPRZre018LCdB46ZBTH-kMphCGsyt1OyqudZJssEZ1XESrBh-o0yiaaBbcqV5-HvdVyZWQD4G1IxHG=s1024,11sqd4mqhc,"https://www.google.com/maps/place/Aula+As-Saminiah/@-6.1820722,106.7525595,17z/data=!3m1!4b1!4m6!3m5!1s0x2e69f745e089a3b3:0x4d101980755a269a!8m2!3d-6.1820722!4d106.7525595!16s%2Fg%2F11sqd4mqhc?entry=ttu&g_ep=EgoyMDI2MDgyNi4wIKXMDSoASAFQAw%3D%3D"
aula,The Cue House,Tempat Biliar,"Jl. Daan Mogot Km. 1, No 111, RT.10/RW.2, Wijaya Kusuma, Kec. Grogol petamburan, Kota Jakarta Barat, Daerah Khusus Ibukota Jakarta 11460",-6.1634835,106.7766664,4.9,460,Senin: 10.00–04.00 | Selasa: 10.00–04.00 | Rabu: 10.00–04.00 | Kamis: 10.00–04.00 | Jumat: 10.00–04.00 | Sabtu: 10.00–04.00 | Minggu: 10.00–04.00,0889-2222-222,,"Parkir, Toilet, Parkir gratis, Reservasi, Restoran, Bar, Tersedia layanan di tempat, Menyediakan layanan pesan tempat, Ada toilet, Menerima reservasi, Parkir valet, Tempat parkir berbayar, Tempat parkir gratis",13,True,126.0,2,5,https://lh3.googleusercontent.com/gps-cs-s/AHRPTWlVbPbTj382UbIHQzFLMob4skcOvwQKHCVrAjzlbcxLBIutvejVCH5abKn_7BdyyI8Vrsepf3QsHlcj_Jb7T1EkR7StNQeVEvY06ofy5RNVylhHqDy1OdQYFebWqf_t_wyiaajVYk6a5xM=s1024 | https://lh3.googleusercontent.com/gps-cs-s/AHRPTWnsVXfMIDflrWFw8Lkf3OuynYckb0Z9W5Fq_ERs6EF3jK5ZrulMNtzQJSFIGlA6aGMGWJeBbw3N6tpjPoErUFLSaeLgYYaap0nL2kand_JyhsJGJli-w6y1NNGejKxCaH0pE3lQxViAFtZQ=s1024 | https://lh3.googleusercontent.com/gps-cs-s/AHRPTWmkG-Qz2bMun6LKaRCfFmhndgHjymbRIkk1tgvKeeR-6A9nwaLafjyznq3jOVuy-mpM7OY9IKK4aqpnd2G5G5lm7d1QSIRQbQNeNe88frdBi2zphxIFw7jLvvXRFpQVibDoocIY70UY3fIU=s1024,11ymphhtzj,"https://www.google.com/maps/place/The+Cue+House/@-6.1634835,106.7766664,17z/data=!3m1!4b1!4m6!3m5!1s0x2e69f75f2abdd939:0xe923c97ab2b0085c!8m2!3d-6.1634835!4d106.7766664!16s%2Fg%2F11ymphhtzj?entry=ttu&g_ep=EgoyMDI2MDgyNi4wIKXMDSoASAFQAw%3D%3D"
halaman,Residence Casa Jardin,Perumahan,"Jl. Daan Mogot No.11, RT.1/RW.4, Kedaung Kali Angke, Kecamatan Cengkareng, Kota Jakarta Barat, Daerah Khusus Ibukota Jakarta 11710",-6.1554385,106.7512724,4.4,1741,Senin: 09.00–18.30 | Selasa: 09.00–18.30 | Rabu: 09.00–18.30 | Kamis: 09.00–18.30 | Jumat: 09.00–18.30 | Sabtu: 09.00–18.30 | Minggu: 09.00–18.30,0812-1216-2348,/url?q=http://casajardin-residence.com/&opi=79508299&sa=U&ved=0ahUKEwjxv7_c5sqWAxVSjOEIHfWPB-cQ61gIFygS&usg=AOvVaw1pfDOpmhE62pkAXWBY3Goy,"Parkir, AC, Restoran, Bar, Kolam",5,False,66.5,2,10,https://lh3.googleusercontent.com/gps-cs-s/AHRPTWlirFuFIvBv7DIZUZzklkiGaf-TozXNBnhDgpz7DOIT29Q7dEJQxaGFpDlWq8NDraFw-_25PPMZNl0CLJVwUpgWLZ9O-cWrUIRvmh7mpI5-RV05te2aCWkq6f7TWS3oTWs0BI9v=s1024 | https://lh3.googleusercontent.com/gps-cs-s/AHRPTWkAk_ls1MG9vXT_Rg64HA2I-LwSNr7zfppCaYR3L3A_7HjnofBJRoU873EqFIcv9CPlzNKZhetoiaxI_XMdxvdnclA_iHw3XsStPF8364qDLSoNVjt1Qgy3oA0IP1mqwcKK_89i=s1024 | https://lh3.googleusercontent.com/gps-cs-s/AHRPTWmVAh1kKl9COm0MMhBd3uHfwd6GMZ87xHSv9P75wRZuB_ynofXLM63yARMbiFCSKhem7vzRRPmti5XMpWBmDC9CHTNAc7ZVukKm9Uoi1R6muPswMV83fupXymLJ5pAgdPazItHak3uU8FPU=s1024,124yf5fvc,https://www.google.com/maps/place/Residence+Casa+Jardin/data=!4m7!3m6!1s0x2e69f7c118d9cf7f:0xfac206204b9840f4!8m2!3d-6.1554385!4d106.7512724!16s%2Fg%2F124yf5fvc!19sChIJf8_ZGMH3aS4R9ECYSyAGwvo
halaman,apartement royal mediterania garden residence podomoro city,Gedung Apartemen,"Letjen S. Parman No.Kav.28, RT.15/RW.5, Tj. Duren Sel., Kec. Grogol petamburan, Kota Jakarta Barat, Daerah Khusus Ibukota Jakarta 11470",-6.1764391,106.7891217,4.1,225,,021) 29206288,,"Parkir, Kursi roda, Restoran, Bar, Kolam, Gym, Memiliki pintu masuk khusus pengguna kursi roda, Memiliki tempat parkir khusus pengguna kursi roda",8,False,0.0,2,11,https://lh3.googleusercontent.com/gps-cs-s/AHRPTWmLhUym9ZdHvPbP2YUqql7CwSYKjNNYkWn4aexVmcTwtBcmwHF44rcGwFxjEXvG1PrP2j8wiy6PgtWnbstoz_-RKBWuJIrnE-naHm3XPsC0Yxg7onZqU4-vu8LegBPxQq6WKM46ZA=s1024 | https://lh3.googleusercontent.com/gps-cs-s/AHRPTWn1byHk2XfYzL-lsT14d-mkOqYd5XjlHarDF5x1w3R7Vsqp6wrgOOnAvpJ-amVrMj2sagXZxUMrpLCizi7YR00dk2CYxnSkSyhBetPLWrmBZos9tE0BBsnvDQtJoKdaX5yEj41cHZqshVQ_=s1024 | https://lh3.googleusercontent.com/gps-cs-s/AHRPTWn0qygn2bGdIjGY97NkFL9Lf5BOuU2eXadpZZZ7QIcbAiPrOb6R6DwVi_maDFNfWmzTE4fNRHhmaEx-cRQ9OdNSw6WAhpyJvb_S_axMzw0VbWrLHFCikrcnvwNxXATZaSHzrcc=s1024,1yh5tbccd,"https://www.google.com/maps/place/apartement+royal+mediterania+garden+residence+podomoro+city/@-6.1764391,106.7891217,17z/data=!3m1!4b1!4m6!3m5!1s0x2e69f65f2441833b:0xcb9754290990043d!8m2!3d-6.1764391!4d106.7891217!16s%2Fg%2F1yh5tbccd?entry=ttu&g_ep=EgoyMDI2MDgyNi4wIKXMDSoASAFQAw%3D%3D"
halaman,Club House Casa Jardin Residence,Tempat Fitness,"RQW3+86R, Unnamed Road, RT.1/RW.4, Kedaung Kali Angke, Kecamatan Cengkareng, Kota Jakarta Barat, Daerah Khusus Ibukota Jakarta 11710",-6.1541318,106.7530167,4.7,47,,021) 54372225,/url?q=https://www.casajardin-residence.com/en/facilities&opi=79508299&sa=U&ved=0ahUKEwiu7oCE58qWAxWHm-EIHUB-ATgQ61gIFigR&usg=AOvVaw2OmnM_Cy0A6SHHcPw6xPPz,"Parkir, Toilet, Restoran, Bar, Kolam, Ada toilet",6,False,0.0,2,6,https://lh3.googleusercontent.com/gps-cs-s/AHRPTWn12VxYDlrni_eMc46fDrG3GF6L4pXSzYFQCoxHQvkfUfuYaQW1M6g4YBgPO07aDJ4wfLI7PVuWujnXZpNBpBXYVpTuvFmcrkeTXDP6ecuBtSRYhZzgQmq0mN6ogYRG1lvzGUkY=s1024 | https://lh3.googleusercontent.com/gps-cs-s/AHRPTWneElEkPjI6KduXuvBAVOHohVGb2SSchU2pQa7w15_GwDoOcg7IlJ_lG1f9J2ldPjmgmM303w2vE6GnnZsUbTWJ4WWWYcLd00ITfAfTzCBKFOTM_ZPYT4NzBzpeswTWyGuYq_8=s1024 | https://lh3.googleusercontent.com/gps-cs-s/AHRPTWlVyiwHYB1yeLRCSG4vM0aRZM_-YhUxVw4tL5g0npt4V5EwK9kYBk50VKQdjjQfM826W7Wt8wif-AIBfhKSZq4kXZnQj1CDqcRd8QJRRTcBCBwky9wHVHON05W2gtymrDPYxwU=s1024,11mtn1pm64,"https://www.google.com/maps/place/Club+House+Casa+Jardin+Residence/@-6.1541318,106.7530167,17z/data=!3m1!4b1!4m6!3m5!1s0x2e69f7094e9b6755:0x43492f96a23f0511!8m2!3d-6.1541318!4d106.7530167!16s%2Fg%2F11mtn1pm64?entry=ttu&g_ep=EgoyMDI2MDgyNi4wIKXMDSoASAFQAw%3D%3D"
halaman,Tangkas Sports Centre,Kompleks Olahraga,"Komplek Greenville, Jl. Tj. Duren Barat, RT.11/RW.9, Duri Kepa, Kebonjeruk, West Jakarta City, Jakarta 11510",-6.1684245,106.7770855,4.9,3624,Senin: 06.00–00.00 | Selasa: 06.00–00.00 | Rabu: 06.00–00.00 | Kamis: 06.00–00.00 | Jumat: 06.00–00.00 | Sabtu: 06.00–00.00 | Minggu: 06.00–00.00,0811-1575-587,/url?q=http://www.tangkassc.com/&opi=79508299&sa=U&ved=0ahUKEwidmOSX58qWAxVKleEIHe8bGOIQ61gIFygS&usg=AOvVaw08-fmW_fVD3dtYimlLNlXS,"Parkir, Kursi roda, Parkir gratis, Restoran, Bar, Memiliki pintu masuk khusus pengguna kursi roda, Memiliki tempat parkir khusus pengguna kursi roda, Parkir di jalan gratis, Ada tempat parkir di lokasi, Tempat parkir gratis",10,True,126.0,2,10,https://lh3.googleusercontent.com/gps-cs-s/AHRPTWngYnHGNQWrAQbTFmXCxdlPm0p5B0zkKg1PVo3ssOoMQkJEH4btuE6R8fZh5tx08QExXp8g_C68TFC9fYF0qCnUv4PlbwZt0uqVwzd3sBD0oJhkbni8z3cilsNXniLfoN1k2ndWRg=s1024 | https://lh3.googleusercontent.com/gps-cs-s/AHRPTWlZyspvoMc_UQ4AO4F6yhrY9kCK9y93nWHiEU4d8D9VDAXxL8eIIqKvPBsMCfVlgbrK0qqkaJgTKvb3NCqeiHRvUe5OMsZOSO6fe9raxx7t9uuQ41PDq2EOjwL9vMvVv729YECr44bP4RFO=s1024 | https://lh3.googleusercontent.com/gps-cs-s/AHRPTWlnhs63tYKdy0WtoSWHoExbIymXYTFvxOnmlA0Vts0hNCV3D6A3lfdKHwwA44J-ME6ecv4B-tV7wPjLVnNLdMWUP0d95zMD2v-2KA6PYtmybQjwYswdn2yXmdfMOM75pWtm2hLbNw=s1024,1tkhffl3,"https://www.google.com/maps/place/Tangkas+Sports+Centre/@-6.1684245,106.7770855,17z/data=!3m1!4b1!4m6!3m5!1s0x2e69f6511172ce95:0x7c9350267dc6055a!8m2!3d-6.1684245!4d106.7770855!16s%2Fg%2F1tkhffl3?entry=ttu&g_ep=EgoyMDI2MDgyNi4wIKXMDSoASAFQAw%3D%3D"
halaman,Komplek Kedoya Garden,Komplek perumahan,"Jl. Kedoya Garden No.11, RT.8/RW.5, Kedoya Sel., Kec. Kb. Jeruk, Kota Jakarta Barat, Daerah Khusus Ibukota Jakarta 11520",-6.1794086,106.7507906,4.4,223,Senin: Buka 24 jam | Selasa: Buka 24 jam | Rabu: Buka 24 jam | Kamis: Buka 24 jam | Jumat: Buka 24 jam | Sabtu: Buka 24 jam | Minggu: Buka 24 jam,000000014901161,,"Parkir, AC, Restoran, Bar",4,False,168.0,2,9,https://lh3.googleusercontent.com/gps-cs-s/AHRPTWmCCGrqATBEgLTyTL8bccSwLcBbX1BN4AbgtyNijCSjif1H5QaDU9vOGMJFNwoyd_FsKKt1t_-JuplibvliG6RthfxAmAq1o61Pc_QBtZpVStYYEQkcdJ5sq_k4oBPrqAucdDLP=s1024 | https://lh3.googleusercontent.com/gps-cs-s/AHRPTWmm5SSAFq1FN0B_pzpPwzT40IjDTyv-vpFFIfFl-BtjrduZSTrgzJkks6wVDQAbVXHMYC7uLXCwJ4UXiks6_Pr0HnQuI4284A7EJbfK-nS3Et1VYF4kRrxceTqr6R1hUK1qVoHD=s1024 | https://lh3.googleusercontent.com/gps-cs-s/AHRPTWkW6j-4qKMn6ifDh9FrlI3yAL_5GypJcCNoYZscOliT3QM16wGZZmnubyi8nMYIHVdt5st7tSSj6xfRW-AD-cH1I0HYyAhrB-JwKbMGu-uQGaUg58Mcm-O9hf5aLtvA4XRj0IQjdbsrjwwh=s1024,1hm5d8pwc,"https://www.google.com/maps/place/Komplek+Kedoya+Garden/@-6.1794086,106.7507906,17z/data=!3m1!4b1!4m6!3m5!1s0x2e69f70a5f6e850f:0x35abdc74cdda27b8!8m2!3d-6.1794086!4d106.7507906!16s%2Fg%2F1hm5d8pwc?entry=ttu&g_ep=EgoyMDI2MDgyNi4wIKXMDSoASAFQAw%3D%3D"
halaman,Camden House Residence,Perumahan,"Jl. Siantan No.3 4, RT.4/RW.8, Srengseng, Kec. Kembangan, Kota Jakarta Barat, Daerah Khusus Ibukota Jakarta 11630",-6.1988179,106.7522752,4.4,137,,021) 5865667,,"Parkir, WiFi, Restoran, Bar",4,False,0.0,1,6,https://lh3.googleusercontent.com/gps-cs-s/AHRPTWlv8IfbToBNLTlKisippvrMRx3P2nYEXOcNr4STxmXqTGXUJJFi-p7uYvVhWG7KSlXZ1c3TOq0MYqz1QbYWT9BkquWnCCZS-NrbnRv-VaOYGeGFCzPnH8P6tatY9FWQVQSMwWpk=s1024 | https://lh3.googleusercontent.com/gps-cs-s/AHRPTWn7leSF4qT7eSwYKj5zkC2blLGjZ55L1bxvPZ-FCrWsiHTbtyXT1kqgAOdmSfPCFW7noc63PPdeH-4iSM325iRcjzbpsvqdrjNaGo_HJiWvimGkxa_BI9gEBdn5T7FgKO6K5PBbDtAO-JvX=s1024 | https://lh3.googleusercontent.com/gps-cs-s/AHRPTWmOCtIIl0UOpwXN4SdcTIlEbAnal6aFE9NoGyCNsH5l6zbqhqehnRMbXhWMW9MsLL7lFtXOc9ufD60xkOHjBK60vn3gvFQf1bn-vY9IBSdbfSbjOQxsjNwXciAAaZds_K6DAA7s-A0uvZ87=s1024,1hm4911y8,"https://www.google.com/maps/place/Camden+House+Residence/@-6.1988179,106.7522752,17z/data=!3m1!4b1!4m6!3m5!1s0x2e69f715f7737787:0xc8c1cb1d7ad410d0!8m2!3d-6.1988179!4d106.7522752!16s%2Fg%2F1hm4911y8?entry=ttu&g_ep=EgoyMDI2MDgyNi4wIKXMDSoASAFQAw%3D%3D"
halaman,Green Mansion,Komplek perumahan,"Jl. Daan Mogot No.KM 10, RT.9/RW.3, Kedaung Kali Angke, Kecamatan Cengkareng, Kota Jakarta Barat, Daerah Khusus Ibukota Jakarta 11710",-6.1581871,106.7638632,4.0,636,Senin: Buka 24 jam | Selasa: Buka 24 jam | Rabu: Buka 24 jam | Kamis: Buka 24 jam | Jumat: Buka 24 jam | Sabtu: Buka 24 jam | Minggu: Buka 24 jam,021) 54381077,/url?q=http://www.greenmansion.org/&opi=79508299&sa=U&ved=0ahUKEwjxw4jT58qWAxVJlOEIHQaUJgAQ61gIFygS&usg=AOvVaw0QMCF6dMISc_L6n6Inil7M,"Parkir, AC, Restoran, Bar",4,False,168.0,2,9,https://lh3.googleusercontent.com/gps-cs-s/AHRPTWnXGOCmpExG2hwWAqZZaGfs4NK5c2mUO5g4aJWMv0xuEOLL__moVOQUtGyFj7xLob4Fqxn8vvPXrhC4b3U4CaVU-bRg8NTcgkUSlTstZ8-xhma5OIiI6XOM7_ZSQ0Ei-tQyoqE=s1024 | https://lh3.googleusercontent.com/gps-cs-s/AHRPTWnJsmDjmJCBTOMGcHMeU8aX4OZ5ytiQulYbmjc5SYLISmjmbXIbWoxIAVJqcGRAraxB2JRqSleKRRqQERR_XhkMmyHAy4T_IQtQ3FH3mF-7H4_9ZeBRm71ZeWXdPVZkTaL5dOT_p8ZwR2LN=s1024 | https://lh3.googleusercontent.com/gps-cs-s/AHRPTWn8xw1NfKC_j0pgCsW_hMSprc6ZSYOOdJnKKOOpMJUBmWITaCpQBCg_tnpFTAfi9tEA4EunUvP5bwlyQBsjQLTr8LJ8cNr5JWhnRpM-O-DmFtDXeU9Fqi0-L_IlOis5Z_6GAUOg=s1024,11nxswjnr8,https://www.google.com/maps/place/Green+Mansion/data=!4m7!3m6!1s0x2e69f7946a8728c3:0x6def34e3e27ba3e6!8m2!3d-6.1581871!4d106.7638632!16s%2Fg%2F11nxswjnr8!19sChIJwyiHapT3aS4R5qN74uM0720
halaman,Rumah Pohon Jakarta,Kedai Kopi,"Jl. Wibisana 2 No.1, RT.5, Rw. Buaya, Kecamatan Cengkareng, Kota Jakarta Barat, Daerah Khusus Ibukota Jakarta 11740",-6.1693408,106.7371782,4.6,426,Senin: Tutup | Selasa: 16.00–23.00 | Rabu: 16.00–23.00 | Kamis: 16.00–23.00 | Jumat: 16.00–23.00 | Sabtu: 13.00–23.00 | Minggu: 13.00–23.00,0852-8100-6534,,"Parkir, Toilet, Wi-Fi, Kursi roda, Reservasi, Restoran, Bar, Ada toilet khusus pengguna kursi roda, Menyediakan layanan pesan tempat, Ada toilet, Menerima reservasi, Banyak tempat parkir, Tempat parkir berbayar",13,True,48.0,4,10,https://lh3.googleusercontent.com/gps-cs-s/AHRPTWlfCU0VnaklGIJUi1CvFQoNUwfevIsTTKGo4AZWvqii7KM5NR6XK-nbUY0A0E-xB4VL-mhUlaTVcIe_65GQW2vvb4j-ZVI9J77ssmVkWodAdMUM_sOt8r7VIrTvG1-C6hdTUGeG=s1024 | https://lh3.googleusercontent.com/gps-cs-s/AHRPTWnyfQUZeLG-VsuR3a7zDNarKLrmMjja2Q_-ja1nE6Y2pPcNyysE6FoaP2B0gppO7OMX-aPoZOOyXQGGnZIlm_E1vwKRU74DjL5WwK-ukKqGRC4v2fs_rlpFoZEctrSj6FJZhtV5lEZR-kGR=s1024 | https://lh3.googleusercontent.com/gps-cs-s/AHRPTWn6s9PqfpkcUAsmPgXH_xgl7f9hHSRO5LpE6qKiFZ_vHD6KE5juGJG14K5L8x3VRapaznNho206-paokeJiU37PpVDa0ij8d4eDwelWEoVpOc4DfonaX1XS0lLEig8sNCaAbzPTIw=s1024,11p796_9vz,"https://www.google.com/maps/place/Rumah+Pohon+Jakarta/@-6.1693408,106.7371782,17z/data=!3m1!4b1!4m6!3m5!1s0x2e69f7247dc2f0ef:0xe85ee77b694a2205!8m2!3d-6.1693408!4d106.7371782!16s%2Fg%2F11p796_9vz?entry=ttu&g_ep=EgoyMDI2MDgyNi4wIKXMDSoASAFQAw%3D%3D"
taman,Taman Wijaya Kusuma,Taman,"Jl. Wijaya Kusuma No.7, RT.7/RW.12, Duri Kosambi, Kecamatan Cengkareng, Kota Jakarta Barat, Daerah Khusus Ibukota Jakarta 11750",-6.1780323,106.7044249,4.5,1082,Senin: AKTIFSedikit sibuk,000000014901161,,"Parkir, Toilet, Restoran, Bar, Ada toilet umum",5,True,0.0,2,9,https://lh3.googleusercontent.com/gps-cs-s/AHRPTWn40FS3t5RE3czoYuiQvjUK2Y40Y1kgzyspk98HEykUFY1s3OL3eEWYZPtyEq30MKEWCI35Puwkhd-Y37NkgPvyclpeet3t7kl5uihkaq8Q3nGS66Pc1tPGqKi8ecRp1Rokx6MU=s1024 | https://lh3.googleusercontent.com/gps-cs-s/AHRPTWkgT32FoWzzqrVauOpWgZ4y9rlokNJd05mBlMXRhdHpAiEIu46R9qjQjaiUJz-dhV9fx6_xsee5k4puVqj5k6q7-W6MXt0VoTUUbyaVIeg5cjHZKQl3kHcm6VxVu3yYG6SWrQcIaDcE8t4=s1024 | https://lh3.googleusercontent.com/gps-cs-s/AHRPTWlhGwcj15ctqWoxxALzV6QJJ-_HwIiu_QfNawiRll66w9pM6nYjyGuCQzJfP9XN5s6RzB6lz0yRJm9Wcp_H2bFk6ExYbtrjyp1BC6TXkL5_e3KQcPrLIBEmaJp9FnWi-gvFX8Sf=s1024,11c0xq8nq8,"https://www.google.com/maps/place/Taman+Wijaya+Kusuma/@-6.1780323,106.7044249,17z/data=!3m1!4b1!4m6!3m5!1s0x2e69f8345d670fa9:0xe52c9f9c447f36ae!8m2!3d-6.1780323!4d106.7044249!16s%2Fg%2F11c0xq8nq8?entry=ttu&g_ep=EgoyMDI2MDgyNi4wIKXMDSoASAFQAw%3D%3D"
taman,Taman Green Garden,Taman,"Jl. Perumahan Green Garden No.1 Blok m, RT.2/RW.10, Kedoya Utara, Kec. Kb. Jeruk, Kota Jakarta Barat, Daerah Khusus Ibukota Jakarta 11520",-6.1706607,106.752129,4.6,105,Senin: 07.30–17.00 | Selasa: 07.30–17.00 | Rabu: 07.30–17.00 | Kamis: 07.30–17.00 | Jumat: 07.30–17.00 | Sabtu: 07.30–17.00 | Minggu: 07.30–17.00,000000014901161,/url?q=https://sibokpranoto.wordpress.com/2017/06/19/keindahan-taman-lingkar-green-garden-kedoya-cocok-buat-santai-sore-hari/&opi=79508299&sa=U&ved=0ahUKEwjqi6CO6MqWAxVUlOEIHcgbLYMQ61gIEygO&usg=AOvVaw3IHgz2yQxNUdvUbG8R1l0q,"Parkir, Toilet, AC, Restoran, Bar, toilet, disebutkan dalam 3 ulasan",6,True,66.5,3,5,https://lh3.googleusercontent.com/gps-cs-s/AHRPTWnNpa4gav8k-P6eKrF85drWG69jzOC3n66H2R_K6YC0Z2HhiQR17lmSIZyO5jrt5jOFNV0XTnhD60v9nu4oafuQM5kqWgzoMk876zk9RV1KMkV3TDA3pBKVC0dXLV7X8IO6oAFLyg=s1024 | https://lh3.googleusercontent.com/gps-cs-s/AHRPTWk65CBXlmMq4MNtiDKtkbiMVxKezOUEyQSkyZkD7QZziU3HqvTj8D5BJ2GkjAH5cDRwP48fk_slzsuxdE-_rQCXngavOCvZspLOoTxWvBNb7HidG52LvHCyhD7q8-hM9ADI1XuO=s1024 | https://lh3.googleusercontent.com/gps-cs-s/AHRPTWkdGLkQQ-KNe_fdqAF6-2fUIeqmi-F4y7Rq5VVQd7YXYjLW8s_IepDKKWOmLKQ1eLcf_qSm8gZ5TtidczQlQxktewr26eXTdU5H7fYrT5gPc2ri67ZyMlvXaMCU3-TAJ4bSJZB0=s1024,11hzw4cvnj,"https://www.google.com/maps/place/Taman+Green+Garden/@-6.1706607,106.752129,17z/data=!3m1!4b1!4m6!3m5!1s0x2e69f7969099a955:0x7ef7fb2152e03b87!8m2!3d-6.1706607!4d106.752129!16s%2Fg%2F11hzw4cvnj?entry=ttu&g_ep=EgoyMDI2MDgyNi4wIKXMDSoASAFQAw%3D%3D"
taman,Taman Sebrang Kantor Camat Kb. Jeruk,Taman Kota,"5, Jl. Regensi Kebon Jeruk Blok E. 5 No.18, RT.3/RW.1, Meruya Sel., Kec. Kembangan, Kota Jakarta Barat, Daerah Khusus Ibukota Jakarta 11610",-6.1984132,106.764697,4.2,24,Senin: 06,000000014901161,,"Parkir, Restoran, Bar",3,True,0.0,1,8,https://lh3.googleusercontent.com/gps-cs-s/AHRPTWmxodRiJ1AjfBbc-WZWM5b9kFfpZ4ptKcG4Wah5jpBhVwVjnYD3J751cWeAlUBj4h7mo2S6GYMfY0xIjjqroqRCdRFzdmnmJ8BH90Ab3MqLljgIavOVMJtsXcpWAUF68WsQxRSXyw=s1024 | https://lh3.googleusercontent.com/gps-cs-s/AHRPTWn1dLXipTK9mHMxTeIE7febu9MP_ozG3K7uHBuzYQ4IB2EgUSdNuoYprPUEiq32RczY9vOxzqVHXd9ROphZWBTfYZjjMKRK-Z7GjEGQdUnb9Cd8ODv6v1yCyVYHqISpqxzbbaZqmBkjxeao=s1024 | https://lh3.googleusercontent.com/gps-cs-s/AHRPTWnnrOF8d0CZs0rZ4Z9-VHN35YJCzjGlT9X0YKttyUmLPLY1c7egVSUHV8SITnSq70yjjYK0807JA5kSjxXDF3dRmud1RbSWbjKsL45bs7Pc452OSPoJu1etYvWGO3WvcSkt5_1l=s1024,11fz9wxgqb,"https://www.google.com/maps/place/Taman+Sebrang+Kantor+Camat+Kb.+Jeruk/@-6.1984132,106.764697,17z/data=!3m1!4b1!4m6!3m5!1s0x2e69f718acba6699:0xbfddd9242f989af6!8m2!3d-6.1984132!4d106.764697!16s%2Fg%2F11fz9wxgqb?entry=ttu&g_ep=EgoyMDI2MDgyNi4wIKXMDSoASAFQAw%3D%3D"
taman,Taman Walikota Jakarta Barat,Taman,"RP7Q+X94, RT.2/RW.2, Kembangan Sel., Kec. Kembangan, Kota Jakarta Barat, Daerah Khusus Ibukota Jakarta 11610",-6.1851128,106.7384451,4.6,54,Senin: AKTIFLebih ramai dari biasanya | Sabtu: dan masih sepiii 😊 kita naik motor cuman parkiran motor jauh dibelakang hehe...g,000000014901161,,"Parkir, Toilet, Restoran, Bar, Ada toilet umum",5,True,0.0,2,7,https://lh3.googleusercontent.com/gps-cs-s/AHRPTWmswKSKYiROv6GUuYCowi0yfTtK47imqC3Ig7mpD4L5-1KbTiXL1wq-QHNbG5Ff3kaxmh-KQIUKG9SvhaFFd0l_FMzoNfnCFQ0paIAGi5fSpe2wR-4B8_Fh34nzy8nzn-csvrWQUW_ajBZM=s1024 | https://lh3.googleusercontent.com/gps-cs-s/AHRPTWmiFs9ZSAif4XiOilrVKgCGQvom9S_GCIVPgFFxqTNbOC7OArguQ1TAHTKzGL7JTSwaEIdqrE9Jht-EV5ljquzC1tm3JyytrT0rXlKONykTrPnbh4Y79mqp1HDFSVjWrwElMvlIgDawpGoi=s1024 | https://lh3.googleusercontent.com/gps-cs-s/AHRPTWncXobQraQZ7WRFMlG0pl7IAEtPLAOIZ17GiEd-MWO7Je3WZYgd4goF-bxyfK_LrsQPMureKCcy1PsRZmmeGuwdiL1c6mTdJOggr6_swd7HAX9HSnjPoKo3aXoSZmOCBL4VqAiL4CkkdXDP=s1024,11lgddykr_,"https://www.google.com/maps/place/Taman+Walikota+Jakarta+Barat/@-6.1851128,106.7384451,17z/data=!3m1!4b1!4m6!3m5!1s0x2e69f7dba80b0e61:0xc43acda175b406f5!8m2!3d-6.1851128!4d106.7384451!16s%2Fg%2F11lgddykr_?entry=ttu&g_ep=EgoyMDI2MDgyNi4wIKXMDSoASAFQAw%3D%3D"
taman,Taman Pulir,Taman,"1, RT.1/RW.8, Duri Kosambi, Kecamatan Cengkareng, Kota Jakarta Barat, Daerah Khusus Ibukota Jakarta 11750",-6.1832039,106.717958,4.4,192,Senin: 08.00–18.00 | Selasa: 08.00–18.00 | Rabu: 08.00–18.00 | Kamis: 08.00–18.00 | Jumat: 08.00–18.00 | Sabtu: 08.00–18.00 | Minggu: 08.00–18.00,000000014901161,,"Parkir, Toilet, AC, Parkir gratis, Restoran, Bar",6,False,70.0,3,2,https://lh3.googleusercontent.com/gps-cs-s/AHRPTWljSdiegxuDZE63VUjFXj4lPmzn6o-gKttVPoKoa0DFpwJX2cxFbTp6J2bAvgvcQQQFdGqtVf9xoilwZhDWpUoHdOSi6ymrukiJtIY6GkvtA2_SCeTF8peqM11LCBw3aiZsjvv7=s1024 | https://lh3.googleusercontent.com/gps-cs-s/AHRPTWklfa7iwzXnP8alrJ4B0GAC5djVrjm4uRFU5G_BvmXWLIxwDrBWmNEIMZgLo6ibDS9XC_n8fi9g2NCWEGEb2cmRl2GyZYX5sZRMhnPHAWICaa6gqEeH1xSkiDbpPpa2q1fxDHL_=s1024,11q4bgd1_b,"https://www.google.com/maps/place/Taman+Pulir/@-6.1832039,106.717958,17z/data=!3m1!4b1!4m6!3m5!1s0x2e69f965b1ac4505:0x7a4e7a9add0a980d!8m2!3d-6.1832039!4d106.717958!16s%2Fg%2F11q4bgd1_b?entry=ttu&g_ep=EgoyMDI2MDgyNi4wIKXMDSoASAFQAw%3D%3D"
taman,Taman Kosambi,Taman,"RPJ7+HJ9, Jl. Kemuning Hijau I, RT.1/RW.10, Duri Kosambi, Kecamatan Cengkareng, Kota Jakarta Barat, Daerah Khusus Ibukota Jakarta 11750",-6.1685932,106.7141019,4.6,2333,Senin: 07.00–17.00 | Selasa: 07.00–17.00 | Rabu: 07.00–17.00 | Kamis: 07.00–17.00 | Jumat: 07.00–17.00 | Sabtu: 07.00–17.00 | Minggu: 07.00–17.00,000000014901161,,"Parkir, Toilet, Restoran, Bar, Ada toilet umum",5,False,70.0,2,9,https://lh3.googleusercontent.com/gps-cs-s/AHRPTWn0Y6p1_flD92kJ59GujSlDyziuMUdoXBWEjbCUQmnG0XtUe9hzCbEEkKq-fvHWKa7e_jrp2ECbUhC0cJhfvr21CM8Ayo7s3ejD4IdkhvNLLOZbyRaSFP_ooDIQSOEY8-Vuo46-lct-zVM=s1024 | https://lh3.googleusercontent.com/gps-cs-s/AHRPTWlvaPqkTcHuHszOOyZ2N4T4Jkxq-eOj6rmdbALyYOOm_6F0a4xeUyCR1YodZO8QMaKfPmRpPicwper-hcwAjhRdqS0jHqJtWtPeU8Lo-oNHOn_iytqq8sdWg-4u6goVoTHluWEc=s1024 | https://lh3.googleusercontent.com/gps-cs-s/AHRPTWm7081i1siO0HR4eSR5SYKplVM1PoFatP2gCP_5QUjPnmoslwUScmhO0z_DMgD5JwtC_HtSrM2ExeFv5ML6n9WUvLaqqDxfly5v8vnM5yZX2ygjQ5SshPolu84U9g8W-R33qwDun7L7FTi2=s1024,11ggvvklkp,"https://www.google.com/maps/place/Taman+Kosambi/@-6.1685932,106.7141019,17z/data=!3m1!4b1!4m6!3m5!1s0x2e69f82573f94b6f:0xcafbb22d3081cc0f!8m2!3d-6.1685932!4d106.7141019!16s%2Fg%2F11ggvvklkp?entry=ttu&g_ep=EgoyMDI2MDgyNi4wIKXMDSoASAFQAw%3D%3D"
taman,Taman Kebon Jeruk (Rumah Pohon),Taman,"11, RT.11/RW.10, Kb. Jeruk, Kec. Kb. Jeruk, Kota Jakarta Barat, Daerah Khusus Ibukota Jakarta 11530",-6.1909805,106.7687367,4.5,16,Senin: 06,000000014901161,,"Parkir, Restoran, Bar",3,True,0.0,1,7,https://lh3.googleusercontent.com/gps-cs-s/AHRPTWlKQBTn7EkwMMZ1NDalKpFa7qyl8wbg54QByBj6NDWBkLLWHGEwVeF2r3G2Qm0CYrsQ9PLQki7rEjNinYeL7_ZXJ7ga5AOhWC6TqlHJ5o1iOgHR0bpw4AdTa-WzvEe02VwcRLEY=s1024 | https://lh3.googleusercontent.com/gps-cs-s/AHRPTWknMN2TFkTXkdqfXj7oDv3-ptfFurA8U5r82V8a1uez0EZvj7QtJjWQOZ-RiOnWYEkCdPkmSbb0238aqm8W3i5knOib0h7BATsuAEkveIU59L-c_9UDkroFsp46uphik1K8jG13qg=s1024 | https://lh3.googleusercontent.com/gps-cs-s/AHRPTWmYrvTw7awdG1pbR3_y9njZbd6zCPQGjLBEEQh-7yxV2B-0njgJNOtYgZFmBY4Ojc3KMgx0iwq5RL87FYWJYYMZqeYCVSn0AOQ2rwMZBPJA9yZ46Y_5vuRiAT0nal-HJssVzJvl=s1024,11h9bgrcxs,"https://www.google.com/maps/place/Taman+Kebon+Jeruk+(Rumah+Pohon)/@-6.1909805,106.7687367,17z/data=!3m1!4b1!4m6!3m5!1s0x2e69f73e30091727:0xff6f913d3b3c4286!8m2!3d-6.1909805!4d106.7687367!16s%2Fg%2F11h9bgrcxs?entry=ttu&g_ep=EgoyMDI2MDgyNi4wIKXMDSoASAFQAw%3D%3D"
taman,Taman Komodo,Taman,"Jl. Anggrek Rosliana II No.2, RT.2/RW.5, Kemanggisan, Kec. Palmerah, Kota Jakarta Barat, Daerah Khusus Ibukota Jakarta 11480",-6.1942252,106.7940925,4.5,532,Senin: Buka 24 jam | Selasa: Buka 24 jam | Rabu: Buka 24 jam | Kamis: Buka 24 jam | Jumat: Buka 24 jam | Sabtu: Buka 24 jam | Minggu: Buka 24 jam,000000014901161,,"Parkir, Toilet, Kursi roda, Restoran, Bar, Tidak memiliki tempat parkir khusus pengguna kursi roda, Ada toilet umum",7,True,168.0,3,7,https://lh3.googleusercontent.com/gps-cs-s/AHRPTWniTWK90wpMyx8l2ftNw--AqM5DlgAUyFh0MBbe-doDcDrLXw-a24syee6GANFfV6n3M1rwWPIVXeAiO5ELqvScfyhQUkwY1NlFxHcO0C6XSXqKq422ob4XYud7kc4OgCnJl-3g=s1024 | https://lh3.googleusercontent.com/gps-cs-s/AHRPTWmLJ73vIs0VWVM1rJj8SK_XSmqPoi3rTGIrqhqTQ7d4RSvm-gkrlwy0zBTwk2TNKmq_X-Yz56JLKEi4w2m6Q5brigGABgRLqWaP9eqmyLm8-g5LHY4cQ_ZRnALV5aXpklJiTbf6oaAVgUuE=s1024 | https://lh3.googleusercontent.com/gps-cs-s/AHRPTWn86fY77iGS4o8viPQsai8_jR4WaLm8dvcce8UUKygnbbvQifaRqr0n3GebCGSbrqvrtqXkLHaV7_DH7kZWt9OkzIehQ1VKaIS-lWj2I8QowGKZZqVcwxrRtvT-povTZ-AQRhrk=s1024,11cnd4cs_c,"https://www.google.com/maps/place/Taman+Komodo/@-6.1942252,106.7940925,17z/data=!3m1!4b1!4m6!3m5!1s0x2e69f6eb34f236b5:0x9a4b65bf5ae41612!8m2!3d-6.1942252!4d106.7940925!16s%2Fg%2F11cnd4cs_c?entry=ttu&g_ep=EgoyMDI2MDgyNi4wIKXMDSoASAFQAw%3D%3D"
lapangan,Lapangan PB Purri Metro,Klub Olahraga,"Jl. Duri Mas 1 Ujung, RT.9/RW.10, Duri Kepa, Kec. Kb. Jeruk, Kota Jakarta Barat, Daerah Khusus Ibukota Jakarta 11510",-6.1789739,106.7690306,5.0,1,Senin: Buka 24 jam | Selasa: Buka 24 jam | Rabu: Buka 24 jam | Kamis: Buka 24 jam | Jumat: Buka 24 jam | Sabtu: Buka 24 jam | Minggu: Buka 24 jam,0812-8921-9208,,"Parkir, Restoran, Bar",3,True,168.0,1,8,https://lh3.googleusercontent.com/gps-cs-s/AHRPTWkNatmH5VTcn1H06yL11zlhU-nhnp2P1gbMk1715Wqr3IW2ZdNN8baa3zgyt-8XkuqGEBC9clgsSHBWbz_z5CGQisFFp7kGc4AKZzDybY1dh9wuYTsJAfj6cnO4nY02v6NGQftWcg=s1024 | https://lh3.googleusercontent.com/gps-cs-s/AHRPTWkAJoAI2EjZU6RClj5ReAJMVt8axb8UuhQMKHrZ6BSUjiro2uf1E_oRWWgfOOeL33sMk7Qeb02YIYqAcLTOXWGILn5I4_rN4g5WSHhkAZakitLHl2en2yfrEt8YtUMogq_Woj8=s1024 | https://lh3.googleusercontent.com/gps-cs-s/AHRPTWkixyGX3uIi4bGbHr2GdQfE7QRzVa97vx-FVlNJdKT2BRJHUDou-VITeFrBlZqKwTqtdYbtx_IXNMZx4t5TfX56Ch-SU7D0MC9yMk9bAZ-ZpsolYmcjVt8hOm-axRFYL9jNCZ8Z=s1024,11p14xcms6,"https://www.google.com/maps/place/Lapangan+PB+Purri+Metro/@-6.1789739,106.7690306,17z/data=!3m1!4b1!4m6!3m5!1s0x2e69f792184df6b5:0xd6fb582f980a3239!8m2!3d-6.1789739!4d106.7690306!16s%2Fg%2F11p14xcms6?entry=ttu&g_ep=EgoyMDI2MDgyNi4wIKXMDSoASAFQAw%3D%3D"
lapangan,Asuka Badminton Hall,Lapangan Bulutangkis,"Jl. Kedoya Pesing No.30, RT.14/RW.8, Kedoya Utara, Kec. Kb. Jeruk, Kota Jakarta Barat, Daerah Khusus Ibukota Jakarta 11520",-6.1634977,106.7655976,4.8,259,Senin: 08.00–23.00 | Selasa: 08.00–23.00 | Rabu: 08.00–23.00 | Kamis: 08.00–23.00 | Jumat: 08.00–23.00 | Sabtu: 08.00–23.00 | Minggu: 08.00–23.00,0821-2322-2154,,"Parkir, Kursi roda, Restoran, Bar, Tidak memiliki pintu masuk khusus pengguna kursi roda, Tidak memiliki tempat parkir khusus pengguna kursi roda",6,True,105.0,2,10,https://lh3.googleusercontent.com/gps-cs-s/AHRPTWnp7DimD7NYqkVXT782K5NNd9ilxOD_BXHhuwVOpmSCvbAYDA5blbLmxdyTZINXICcnCmEUdzqnNz76TX7mpgKBDzBTvQori2JYRMEK6oFzv6-q5EidRTO4sohXOmYUiY5n6MHBcA=s1024 | https://lh3.googleusercontent.com/gps-cs-s/AHRPTWmZy3IU9dytvxO5uOwySz8HwAXQqFodQQRiY9t-MsIDMuz0FVH34wb4dIeygwAeTF3O_t_szmnAGiKa5Unu39HpPluVSPg0ptHjWWWnuOoEW3zbIqT_4m_C5GsKrMhKb02YbEi8PsnNZ-0=s1024 | https://lh3.googleusercontent.com/gps-cs-s/AHRPTWnH5yo85PvqIKA7jCUmRG7DAsnrXTHJ_fgYEH-2840Fu6ORiHDuS6x3BHo_dj0J_eG3faffGT0P6sS7OKq_e8oY6BUXYMYbNJBw2eCJDJ5Huk-k8KbPZaQrVkauaNCk27zhs98zSZMP3I2h=s1024,11kqrj171p,"https://www.google.com/maps/place/Asuka+Badminton+Hall/@-6.1634977,106.7655976,17z/data=!3m1!4b1!4m6!3m5!1s0x2e69f7d2534edd87:0x87ba0ef653fe024a!8m2!3d-6.1634977!4d106.7655976!16s%2Fg%2F11kqrj171p?entry=ttu&g_ep=EgoyMDI2MDgyNi4wIKXMDSoASAFQAw%3D%3D"
lapangan,PBSI Garuda Badminton,Lapangan Bulutangkis,"Jl. Perdana Kusuma Blok Qq No.248AB, RT.1/RW.4, Wijaya Kusuma, Kec. Grogol petamburan, Kota Jakarta Barat, Daerah Khusus Ibukota Jakarta 11460",-6.155484,106.7745602,4.6,703,Senin: 07.00–23.00 | Selasa: 07.00–23.00 | Rabu: 07.00–23.00 | Kamis: 07.00–23.00 | Jumat: 07.00–23.00 | Sabtu: 07.00–21.00 | Minggu: 07.00–18.00,0859-5924-7676,,"Parkir, Kursi roda, Restoran, Bar, Tidak memiliki pintu masuk khusus pengguna kursi roda, Tidak memiliki tempat parkir khusus pengguna kursi roda",6,True,105.0,2,7,https://lh3.googleusercontent.com/gps-cs-s/AHRPTWl1mGMPssnCMoot5TQqwbbPJVbJW4AslHrXMW14yec9eY9EK2Dz_iXN0j2rJzzVRKtpjb9mIIdai-2z_1s5Imc171okbEAEwEuKH6P0JwgDghE0JfesU2KkrvaihSz-S_4qUUQ=s1024 | https://lh3.googleusercontent.com/gps-cs-s/AHRPTWkY8rEcooAQMaycv6JuVf8Rgn6RU7wD8dh9PybvHn_QZ2kV_zt5Kl6SusCC4EA7CZUBByvQ0XlRtnlUFf773YaCvBWMg2EkIV0wBf8t_qEZ_8ftSbegoUPNKRB3QonmKk6WAMrg=s1024 | https://lh3.googleusercontent.com/gps-cs-s/AHRPTWkBWmyydr3l6rRngsMbFxxAWQxcXUpSC8Epj8OJ1gF3gnXzIJk2J-LiiyelpJVxk2YYhe36PJX4QZwBMGkkFn8r5PEgiK6gMhwfiF7xOboktwOcSYLCpKZevJK0tA2ydSJlFJ1Gqw=s1024,11k0yzg6bx,"https://www.google.com/maps/place/PBSI+Garuda+Badminton/@-6.155484,106.7745602,17z/data=!3m1!4b1!4m6!3m5!1s0x2e69f7edfab89ce5:0x8ebb5f32356a42b2!8m2!3d-6.155484!4d106.7745602!16s%2Fg%2F11k0yzg6bx?entry=ttu&g_ep=EgoyMDI2MDgyNi4wIKXMDSoASAFQAw%3D%3D"
lapangan,Lapangan Bulutangkis Talenta,Lapangan Bulutangkis,"4, Jl. Sahabat Baru No.92, RT.4/RW.1, Duri Kepa, Kec. Kb. Jeruk, Kota Jakarta Barat, Daerah Khusus Ibukota Jakarta 11510",-6.18624,106.77132,4.5,309,Senin: 08.00–23.00 | Selasa: 08.00–23.00 | Rabu: 08.00–23.00 | Kamis: 08.00–23.00 | Jumat: 08.00–23.00 | Sabtu: 08.00–23.00 | Minggu: 08.00–23.00,0816-1974-011,,"Parkir, Parkir gratis, Restoran, Bar, Tempat parkir berbayar, Tempat parkir gratis",6,True,105.0,1,9,https://lh3.googleusercontent.com/gps-cs-s/AHRPTWkEd_uO20KQEDKzV8amgS0WnG6Gkf6WcgHsU5weSHUb97diyAr0pzYgXZEOfA7LAC_L9OMn1aH-Eluigc_hTb0OO1vaPU554uKKFtvi3hCk9j-sMtQi1XZIs-OZVpMim0rNT3Ho=s1024 | https://lh3.googleusercontent.com/gps-cs-s/AHRPTWnhzrGuop7ZP-AfmdqlOGkugbByJbNDSW_2wCpb7lKSZrHlD-23L3HAsKMN6sKqLXXN7quZLF8bek9twNXrJj4YfwWY9zI0mV9FxokRZWLWhvvT7IfSxT83oOv5_LxCWLh8WS2eUbi3Ki1y=s1024 | https://lh3.googleusercontent.com/gps-cs-s/AHRPTWleCuyBmk7dNYENHKyyTlXPHbi4tt-G11kWKG0dYjBm3qBU9pAQn8TaLVTGyP_GJSuNM-gWfH2iCVywkOIm-FCUYM6mey8bN5uUIzKLY-gWB_F8YBLdqUNSrkEp31LqM9wr1h2PbA=s1024,11c2jl_k63,"https://www.google.com/maps/place/Lapangan+Bulutangkis+Talenta/@-6.18624,106.77132,17z/data=!3m1!4b1!4m6!3m5!1s0x2e69f6fd7016cde7:0x22b181fc43456fdd!8m2!3d-6.18624!4d106.77132!16s%2Fg%2F11c2jl_k63?entry=ttu&g_ep=EgoyMDI2MDgyNi4wIKXMDSoASAFQAw%3D%3D"
lapangan,Royal Futsal / Sportpackers Legacy,Lapangan Futsal,"Jl. Mangga XVII utama No.354 blok P1, RT.4/RW.8, Duri Kepa, Jakarta, West Jakarta City, Jakarta 11510",-6.1758744,106.7764919,4.3,286,Senin: 09.00–23.00 | Selasa: 09.00–23.00 | Rabu: 09.00–23.00 | Kamis: 09.00–23.00 | Jumat: 09.00–23.00 | Sabtu: 09.00–23.00 | Minggu: 09.00–23.00,0877-7739-3738,/url?q=https://instagram.com/sportpackers.legacy%3Figshid%3DYmMyMTA2M2Y%3D&opi=79508299&sa=U&ved=0ahUKEwi8gfC86sqWAxWylOEIHdJtLe0Q61gIFygS&usg=AOvVaw319Bl5TKfYxKBVgcp5_Fpo,"Parkir, Toilet, AC, Restoran, Bar, parkir, disebutkan dalam 3 ulasan",6,True,98.0,3,9,https://lh3.googleusercontent.com/gps-cs-s/AHRPTWnAYDaXCBhxQ8MVI6bfNZ2VGoeAere-VUftaz1CtO2K1xWa8R0_IIYWB8_hAWZFc-18-acx4xWqIBmMlWUv2X4JQ2b43YFQSF-feAUU3eKXWKDzXXM6M6IT-_tBhdFOes93ybc=s1024 | https://lh3.googleusercontent.com/gps-cs-s/AHRPTWmnzjWqrlOVLZQXWgKS8iVasiVhziTyqTmhykkcBFqyHasLNiWol09H4a7MHkkbeSuNrB3ZGoSIKVphZI5O3yS3d1XJlmpc8LWVHmZT37qizIImyyJDmBJq05IyGb7UAqfyv7xyLg=s1024 | https://lh3.googleusercontent.com/gps-cs-s/AHRPTWnIEdeemVAEAlG63ndQvDIL0t5fPkESfHoAVAAkB28nXyO8pc8Qss77NT6GPc0F-ftxtl-Olc3h6s2q9JJLzfC6qCp17ZR6fmP60KZ1hBtZT22Hha6B9IzR4jj5LIJwgawfkuID=s1024,11bw4p50s6,"https://www.google.com/maps/place/Royal+Futsal+%2F+Sportpackers+Legacy/@-6.1758744,106.7764919,17z/data=!3m1!4b1!4m6!3m5!1s0x2e69f655d74627d9:0x9502ed898f44af81!8m2!3d-6.1758744!4d106.7764919!16s%2Fg%2F11bw4p50s6?entry=ttu&g_ep=EgoyMDI2MDgyNi4wIKXMDSoASAFQAw%3D%3D"
lapangan,Pola Bugar Sport Center,Kompleks Olahraga,"Jl. Kedoya Pesing No.35, RT.11/RW.3, Kedoya Sel., Kec. Kb. Jeruk, Kota Jakarta Barat, Daerah Khusus Ibukota Jakarta 11520",-6.1817179,106.7577928,4.3,2179,Senin: 08.00–23.00 | Selasa: 08.00–23.00 | Rabu: 08.00–23.00 | Kamis: 08.00–23.00 | Jumat: 08.00–23.00 | Sabtu: 07.00–22.00 | Minggu: 07.00–20.00,021) 5807086,/url?q=https://free.facebook.com/polabugar/about%3Frefid%3D17&opi=79508299&sa=U&ved=0ahUKEwj_w8rQ6sqWAxU7juEIHQvAFWcQ61gIFygS&usg=AOvVaw3EPu5eItGe0-gmpsIF7R0c,"Parkir, Parkir gratis, Restoran, Bar, Tersedia layanan di tempat, Tempat parkir berbayar, Tempat parkir gratis",7,True,103.0,1,9,https://lh3.googleusercontent.com/gps-cs-s/AHRPTWkJIx7AYoz8MWdlFY1miZ_INjWtulsEFufIWhk6GWNC0_n0Jt7lM2PKnUf3vvP3eJwi4xjt-69AsytPCF2DMQLX8OPY87W5nm6yGqTTzTP9-MjrW46DDlU1cjC44WhoIpH5wQ1J=s1024 | https://lh3.googleusercontent.com/gps-cs-s/AHRPTWk1BJjrik5EGjkewl1hvLXooW0sgDIeNo7GrWLrxaXOlI4-i8ABp7oXzgJb65dB61fbE4eYI2-eL472UCkY117Dys1dQv4I51ncTnpPxokURb62zGSPlgxA1zENZwqFUDG8bThNQPhUk6LY=s1024 | https://lh3.googleusercontent.com/gps-cs-s/AHRPTWkd8MzNhcnkvjnv4Sj3O-_8RocDX4XeLUECbLAPXIkFjTl0W9BG0auBdNOGTf-4klabQP4oBdiCcKn_0c6Ns2mega-H_4tQ84TqFiK9vVei3P9bHP0Q4t3H6q1OeT1MPKrzQwQ1=s1024,1v3hxd59,"https://www.google.com/maps/place/Pola+Bugar+Sport+Center/@-6.1817179,106.7577928,17z/data=!3m1!4b1!4m6!3m5!1s0x2e69f70899045ef5:0x790d4ef3b019296a!8m2!3d-6.1817179!4d106.7577928!16s%2Fg%2F1v3hxd59?entry=ttu&g_ep=EgoyMDI2MDgyNi4wIKXMDSoASAFQAw%3D%3D"
lapangan,PADELIN Padel Court,Kompleks Olahraga,"Jl. Musirin 1 No.23a, RT.10/RW.2, Kedoya Sel., Kec. Kb. Jeruk, Kota Jakarta Barat, Daerah Khusus Ibukota Jakarta 11520",-6.180366,106.7620666,4.4,821,Senin: AKTIFSedikit sibuk,0821-1826-8526,,"Parkir, Toilet, Kursi roda, Restoran, Bar, Memiliki kursi khusus pengguna kursi roda, Tidak memiliki tempat parkir khusus pengguna kursi roda, Tidak ada toilet khusus pengguna kursi roda, Tersedia layanan di tempat, Ada toilet netral gender, Gedung parkir berbayar, Parkir di jalan berbayar, Tempat parkir berbayar, Ada tempat parkir di lokasi",14,True,0.0,3,9,https://lh3.googleusercontent.com/gps-cs-s/AHRPTWkCJamcqbHSilGHwWZ0FvXXXk1jclU_tazJYY9XxNiNteuK78lxgZhRMOUbGPyMbn4l0Tpqo8y5ppbMkjOh1DLwTigRSyLT88JykZBj021NIgUEKW0VVYEpVbfl9TDRlC7JYe4-=s1024 | https://lh3.googleusercontent.com/gps-cs-s/AHRPTWkMnBybOX3lwDsK-ZvPqrSoiTe5pCKuoT60nL30_Z5bt8d68TGgqqxUntwmjdd-2alHepF3-4IGzBF50hfl1gTHPR-mVKesSmjEjKwEZ1hA2BvWyhxeFOHDM42JfkEfc-tJgNqWqfXyCY5h=s1024 | https://lh3.googleusercontent.com/gps-cs-s/AHRPTWl-VIz_J8Dst79SgoN-OCe6sCP9t8gaKOn3DQjiFRwA1u5tDTum5-yVRYKo0j0kGQAN1K1fK7p0I6ZxdXij_qZm0jax2IYTNwSW94kyVvW-KA0WlqSG2X4f4jq_FsPFNvSHDWnn_Q=s1024,1pzx97h0s,"https://www.google.com/maps/place/PADELIN+Padel+Court/@-6.180366,106.7620666,17z/data=!3m1!4b1!4m6!3m5!1s0x2e69f7079d5484bf:0xcfcbf0df71e2ef0e!8m2!3d-6.180366!4d106.7620666!16s%2Fg%2F1pzx97h0s?entry=ttu&g_ep=EgoyMDI2MDgyNi4wIKXMDSoASAFQAw%3D%3D"
lapangan,Gelanggang Jakarta Pusat,Kompleks Olahraga,"Jl. Pasar Senen No.1, RW.3, Senen, Kec. Senen, Kota Jakarta Pusat, Daerah Khusus Ibukota Jakarta 10410",-6.1755053,106.8436795,4.4,129,Senin: AKTIFSedikit sibuk,000000014901161,/url?q=http://dispora.jakarta.go.id/&opi=79508299&sa=U&ved=0ahUKEwiP6qz56sqWAxUVk-EIHbmyMSQQ61gIEygO&usg=AOvVaw05B2u4qWEex7iabuQ7jFF8,"Parkir, Toilet, Restoran, Bar, Ada toilet netral gender",5,True,0.0,2,9,https://lh3.googleusercontent.com/gps-cs-s/AHRPTWkLXu_C91ud1dRERqPal8Omfdxseglf92EkAZTutiIaNsu9AxC-54GaLePn1ZNBf_WlTiKOAkJmJsAXylmMUoDJKixxgaFBB3zg5hQpmVoedGZQk-GQfHKRCZhi_wLEsGPm--o2=s1024 | https://lh3.googleusercontent.com/gps-cs-s/AHRPTWlS_ba_EJ_Y2JncMXfh3419TPCSHXlB_A28vR6Ib3kdIepqi-x6RtrChb2NNJPj__j2SFYX22s6c-ASbhYwnWoY4UrDYtYNx6xGz4b5zutMLSV-VoOvOk4u5LKfcIeusQw8p7459g=s1024 | https://lh3.googleusercontent.com/gps-cs-s/AHRPTWl8sZWdqM9_0cbuTRvfhVEZxO3gZj71spePJNyzvyuErZLLmZDkjSxffk4s1zXYyW3ktRiJKTeTv3dpNpgN_QfEiyw5r6xnsgcw2-FXXBd96wxkWb4-Z-8NVJKQNM1PocyvfHbKgg=s1024,1hm5wpw35,"https://www.google.com/maps/place/Gelanggang+Jakarta+Pusat/@-6.1755053,106.8436795,17z/data=!3m1!4b1!4m6!3m5!1s0x2e69f601a4d80baf:0xe0fccac51e1a6ff1!8m2!3d-6.1755053!4d106.8436795!16s%2Fg%2F1hm5wpw35?entry=ttu&g_ep=EgoyMDI2MDgyNi4wIKXMDSoASAFQAw%3D%3D"
ruang komunitas,BC KGK (Komunitas Garuda Kapuk),Kafe,"RT.9/RW.7, Kapuk, Kecamatan Cengkareng, Kota Jakarta Barat, Daerah Khusus Ibukota Jakarta 11720",-6.1423178,106.7515507,5.0,23,Senin: Buka 24 jam | Selasa: Buka 24 jam | Rabu: Buka 24 jam | Kamis: Buka 24 jam | Jumat: Buka 24 jam | Sabtu: Buka 24 jam | Minggu: Buka 24 jam,0812-9332-2493,,"Parkir, Toilet, Kursi roda, Restoran, Bar, Ada toilet khusus pengguna kursi roda, Menyediakan layanan pesan tempat, Ada toilet, Parkir di jalan gratis",9,True,168.0,3,8,https://lh3.googleusercontent.com/gps-cs-s/AHRPTWmFbbylK5Ok_3_TTp2I3aa6CvHEcvVbfzqjAfOgO8sTE2K6qnn7b_CxdFdUi09rgqDczth0dGs0BTKtkHI8KVuDJIAPdrim_Ldpl0naI_BmvawRaQa_Bjxu3HNyvph7LzgRr2xJ_Q=s1024 | https://lh3.googleusercontent.com/gps-cs-s/AHRPTWm-DBJWD9pZZJGQIQBxTqymqx95Rcyfbygve6rTSvA9KjylJUBfDkiB2pjlOgA0CH63Yxic988PAky1J7TN-lyyAPBXa3YBiRgF1IKotiy5ZQ8q1AwwA8C0549HDbMpH41c34iy=s1024 | https://lh3.googleusercontent.com/gps-cs-s/AHRPTWlsnprbeAfxMgIiKXX4i-LvuejzFRTnLCdJ6w5iPpjReW4K6jFXhGty_eEchuW8QTOrPyayoDZU1OzCWdFSgqtSkMh5P7jdG-6BOQbuyP78fCFDhJqUKNVFBdcfJKSJbbTWH7Z_zd3m-4Cc=s1024,11h60p02lc,"https://www.google.com/maps/place/BC+KGK+(Komunitas+Garuda+Kapuk)/@-6.1423178,106.7515507,17z/data=!3m1!4b1!4m6!3m5!1s0x2e69f76577c2e07f:0xe08bc4647e785dce!8m2!3d-6.1423178!4d106.7515507!16s%2Fg%2F11h60p02lc?entry=ttu&g_ep=EgoyMDI2MDgyNi4wIKXMDSoASAFQAw%3D%3D"
ruang komunitas,Komunitas Pelajar Indonesia (KOPI),Serikat Mahasiswa,"Jl. Jelambar Madya Utara No.1, RT.8/RW.10, Wijaya Kusuma, Kec. Grogol petamburan, Kota Jakarta Barat, Daerah Khusus Ibukota Jakarta 11460",-6.1567802,106.77934,4.5,4,Senin: 08.00–16.00 | Selasa: 08.00–16.00 | Rabu: 08.00–16.00 | Kamis: 08.00–16.00 | Jumat: 08.00–16.00 | Sabtu: 08.00–20.00 | Minggu: Tutup,0815-3987-5545,,"Parkir, Toilet, Restoran, Bar, Ada toilet netral gender",5,False,52.0,2,4,https://lh3.googleusercontent.com/gps-cs-s/AHRPTWmTbHYSOEDc96Nbu4xbf8wiJ9xAq-M6y1YAN3pdMK4302eUv0ymL6qGAlfyoJb6tnJ6NaeIdoyGskRNjmvTt3O1f-PTkd49sMi_ShHRvSwtM75r_uA548WnOQZoVg3RZQjVXAO2g1dGxpx3=s1024 | https://lh3.googleusercontent.com/gps-cs-s/AHRPTWloLkheQeo08uMmyiME381XMjVKucY24Hqki4c7R1RxRkeGiuGANe4HN_p7PrFSJl_wP_mmTM_lbU4_ccRzURwHIxKe-RgXXZ6NQmhQ1zxuYpVpSoAFRFTj9nccDVXEaMabGDh1qcJtVVkP=s1024 | https://lh3.googleusercontent.com/gps-cs-s/AHRPTWkKCAeha4cFCDonAA5em7mth987bq-m6kKDY32qJaSAVSzkr2nbI2R2OpMzxIpjCe0UF4wEtbTUbC6p7rs1n0PO7Sc5nt_arYb7onrwyz14-D3wpxAfQJ8huh_XA8wP2rkC3ioHqA=s1024,11f_b_dvl0,"https://www.google.com/maps/place/Komunitas+Pelajar+Indonesia+(KOPI)/@-6.1567802,106.77934,17z/data=!3m1!4b1!4m6!3m5!1s0x2e69f637d66e127b:0xb372e8d0d1233b28!8m2!3d-6.1567802!4d106.77934!16s%2Fg%2F11f_b_dvl0?entry=ttu&g_ep=EgoyMDI2MDgyNi4wIKXMDSoASAFQAw%3D%3D"
ruang komunitas,Bascamp GGS SAHABAT UTAMA CENGKARENG TIMUR,Taman Komunitas,"Sahabat, Jl. Daan Mogot No.109 9, RT.9/RW.13, Cengkareng Tim., Kecamatan Cengkareng, Kota Jakarta Barat, Daerah Khusus Ibukota Jakarta 11730",-6.152369,106.7413469,4.2,54,Senin: Buka 24 jam | Selasa: Buka 24 jam | Rabu: Buka 24 jam | Kamis: Buka 24 jam | Jumat: Buka 24 jam | Sabtu: Buka 24 jam | Minggu: Buka 24 jam,0857-9312-8372,,"Parkir, Kursi roda, Restoran, Bar, Tidak memiliki pintu masuk khusus pengguna kursi roda, Tidak memiliki tempat parkir khusus pengguna kursi roda",6,True,168.0,2,5,https://lh3.googleusercontent.com/gps-cs-s/AHRPTWnrUWfBGa0wLatMRgLza58E5iSNgHkbn8SSTPNHaI1u-ppDxWPqWS3El2KxwGHMgsv9fpYW1hYUsuAtlUpN0B4mmdFkm1X0wDWrQ59IFDgu78QFmZCXoInD-EOBX4AntHaVsE3n=s1024 | https://lh3.googleusercontent.com/gps-cs-s/AHRPTWlrZtZbv6iRRzNk7wINrabKsxGyw-LhTqVxU2qr_pY6WNR9Ml-pRJRgCV45gzgO25PPk2uNGGYOPStoLmzZsnFKM_6fWRizPA51KrJKwSMxeFwxmOL1rY2vOQQrv-xBBtGP4WlUOw=s1024 | https://lh3.googleusercontent.com/gps-cs-s/AHRPTWnNdLJvecqOQ7Op0pdpARJlVBtisRjw82pU01Aap-hT5ddVawnYDOcfNIH3Sy6tIn_QXG-2PnUa05QxzMjNFwYKL0AY42firuIzID-7r85L1YU1ntTs7q_qBCJv9aO_IMsW8qz4=s1024,11c6rh28fm,"https://www.google.com/maps/place/Bascamp+GGS+SAHABAT+UTAMA+CENGKARENG+TIMUR/@-6.152369,106.7413469,17z/data=!3m1!4b1!4m6!3m5!1s0x2e69f7e94a604b11:0xa7c6a015eea72f6d!8m2!3d-6.152369!4d106.7413469!16s%2Fg%2F11c6rh28fm?entry=ttu&g_ep=EgoyMDI2MDgyNi4wIKXMDSoASAFQAw%3D%3D"
ruang komunitas,KOPDARAN R15CI @JAKARTA BARAT,Asosiasi/organisasi,"Jl.Panjang Sebrang RS EMC Graha Keodoya, Jl. Panjang, RT.2/RW.5, Kedoya Utara, Kec. Kb. Jeruk, Kota Jakarta Barat, Daerah Khusus Ibukota Jakarta 11520",-6.168329,106.7639102,5.0,4,Senin: Tutup | Selasa: Tutup | Rabu: Tutup | Kamis: Tutup | Jumat: 20.00–00.00 | Sabtu: Tutup | Minggu: Tutup,0822-8259-0331,/url?q=https://wa.me/qr/NQWYF7EKLE5SG1&opi=79508299&sa=U&ved=0ahUKEwimvbzJ68qWAxVhkuEIHbroCrAQ61gIFygS&usg=AOvVaw2DOrl-aE9760-Olh8RzW3d,"Parkir, Restoran, Bar",3,False,4.0,1,3,https://lh3.googleusercontent.com/gps-cs-s/AHRPTWlvoV71B_jpIuNmr7JSAKKvd7BjHHof0XFwP7kqHXG5yKE_hDqtD_tw0vqODYtYWz7alZX1KcEnKaxBOnnb-AvCqpwKPSoux-m_-2RUvj6bcy3nH_eAgZzG08yMyhI4Ma1rbNROoqdsk_8v=s1024 | https://lh3.googleusercontent.com/gps-cs-s/AHRPTWlsHopOSb8D2Oa_wbHelqGLDQhqmg2akItZX_R-SUsW9FpuhtN2IZUxHMan965DNxXmwBEJ61AG_9OE9uzaS5UGZ9tuBN8Zg_p_o_Pcm__ex9prkgt7Rdgbu6Z__stB-c2ItkE5hgPS-_Y=s1024 | https://lh3.googleusercontent.com/gps-cs-s/AHRPTWkLJEUyyvF4E2U8ZbqUbEt6MmXgGbKvSkbMHU-K7S9pr_Oo4ybNqtEA__RtReC1HL92vmBkX2IktioONje-deqS4dqI8wqTmlU9uo4kGP2s3vtCfog1dyKVvuAFFHZ0udlea9uMKlM6HIm0=s1024,11z6qlblv9,"https://www.google.com/maps/place/KOPDARAN+R15CI+@JAKARTA+BARAT/@-6.168329,106.7639102,17z/data=!3m1!4b1!4m6!3m5!1s0x2e69f7ab7910eabf:0xe66ba8b94ac9bf7b!8m2!3d-6.168329!4d106.7639102!16s%2Fg%2F11z6qlblv9?entry=ttu&g_ep=EgoyMDI2MDgyNi4wIKXMDSoASAFQAw%3D%3D"
ruang komunitas,Ruang Cerita Jakarta,Kafe,"Blok AV, Jl. Green Ville No.12, RT.7/RW.14, Duri Kepa, Kec. Kb. Jeruk, Kota Jakarta Barat, Daerah Khusus Ibukota Jakarta 11510",-6.1690946,106.7739458,4.6,13,Senin: 09.00–22.00 | Selasa: 09.00–22.00 | Rabu: 09.00–22.00 | Kamis: 09.00–22.00 | Jumat: 09.00–22.00 | Sabtu: 09.00–23.00 | Minggu: 09.00–23.00,0819-0608-1668,/url?q=https://www.instagram.com/ceritaruangg%3Figsh%3DMXhreHh4cWxocmFwZw%3D%3D&opi=79508299&sa=U&ved=0ahUKEwi0h-Lc68qWAxUKi-EIHeISJdAQ61gIGygS&usg=AOvVaw3j5lwyim7xtARB0MUMeP8T,"Toilet, Restoran, Bar, Ada toilet",4,True,93.0,1,5,https://lh3.googleusercontent.com/gps-cs-s/AHRPTWkhT8JQ9OZOjv0ZmfUImcKjwwulHFOa9JlaLCWFJJUDL1iJocpC9_hVowROMZ2lmp55k5jWW6TMCQ5AJCImvNSO0YZm7mEQGxuqMvLE3ILKJCa9QNw-h_JhNMeMhxU1KfqO-O3s7eS2fCNm=s1024 | https://lh3.googleusercontent.com/gps-cs-s/AHRPTWmRpbim6ikRIo9O-Sk762XxcqIH1Jk9bD8uMrtRTymGt4nC8MZrNjUyMgj17dtqXf__MGq7bYprjvoPyVq3auIRkFURbbINp5TVDpuKHzeG7oVPQkaYCOYs5B1wLJx4pusjq97WiZ5rC44c=s1024 | https://lh3.googleusercontent.com/gps-cs-s/AHRPTWmGAF0TebsfQEgb4oHuEI_I2XqqPiLFAaIdG345NtvWN1P5gJKtTh2pqmEpx1i70bA21HgMcbSAIMUGo20tUkYrn8XsW9PwAb2iceSeEUzcbwSinbiOcn-9DRpFfqZqnByqjGzQMmA-c5Q=s1024,11yr4gxzff,"https://www.google.com/maps/place/Ruang+Cerita+Jakarta/@-6.1690946,106.7739458,17z/data=!3m1!4b1!4m6!3m5!1s0x2e69f70049c404f9:0x81fdfd760fd990ef!8m2!3d-6.1690946!4d106.7739458!16s%2Fg%2F11yr4gxzff?entry=ttu&g_ep=EgoyMDI2MDgyNi4wIKXMDSoASAFQAw%3D%3D"
ruang komunitas,Ruang Bicara,Asosiasi/organisasi,"Grha Mp, Jl. Kemanggisan Ilir Raya No.23, RT.3/RW.8, Slipi, Kec. Palmerah, Kota Jakarta Barat, Daerah Khusus Ibukota Jakarta 11480",-6.1866229,106.789501,5.0,2,,0811-2222-5256,/url?q=http://ruangbicara.co.id/&opi=79508299&sa=U&ved=0ahUKEwi2keLw68qWAxWAkOEIHaEQFnYQ61gIFygS&usg=AOvVaw0tIai-j4JjBgJ5RvnfupMH,"Parkir, Restoran, Bar",3,False,0.0,1,3,https://lh3.googleusercontent.com/gps-cs-s/AHRPTWmNee2XA53V7ADC-C9sVmZnOGtInjdcda0nPxpreod3Btk6N15qOUBDGXLQpSTqjcJit8DKqslmFk4g5yovkIVGDlkmskmJkj4ZVw1LOS9DSuPK2vJqX_kg8S7J-3aXPdXyaok=s1024 | https://lh3.googleusercontent.com/gps-cs-s/AHRPTWkmLNS2idqP95waxDFtTHtMDc12oG088o6j-JR8gWyxw3XkI6ht50iVsyg1MM1wCfQfLg4N4jZDBeHPVXVqKvGEnCQg2m8Zgy2O7F7344iNgyuXeo2Yg-pb13cA46xyQUdx06GLww=s1024 | https://lh3.googleusercontent.com/gps-cs-s/AHRPTWkcj2VgYJ5_ikV8TVrVQYVlFzD0ZKZt_EiOsTq6RQmcwPTcvIR45s1bY9A4u4uZvdpfQd72sS00pW1SxNs6C6R6rPsJuWP3A0TavOtKfVSpD9lYr7j0hsxEk6YtJ8c2ppZRjI5ohQ=s1024,11vdjl_bgx,"https://www.google.com/maps/place/Ruang+Bicara/@-6.1866229,106.789501,17z/data=!3m1!4b1!4m6!3m5!1s0x2e69f730b795d621:0x456f18ed91c6e1d6!8m2!3d-6.1866229!4d106.789501!16s%2Fg%2F11vdjl_bgx?entry=ttu&g_ep=EgoyMDI2MDgyNi4wIKXMDSoASAFQAw%3D%3D"
ruang komunitas,Kijang happy,Asosiasi/organisasi,"RQ7H+583, Jl. Arjuna Sel., RT.1/RW.12, Kb. Jeruk, Kec. Kb. Jeruk, Kota Jakarta Barat, Daerah Khusus Ibukota Jakarta 11530",-6.1871087,106.7783064,4.2,6,,000000014901161,,"Parkir, Restoran, Bar",3,False,0.0,1,5,https://lh3.googleusercontent.com/gps-cs-s/AHRPTWmt0XoY38-vKpsBBgJx9_iZ455B7bI9sXr9bjVoE1jsVCxDEMCSYIbLoYutIf5s0BlmmQygvqV0lw752mX27I0xm97aSMSHwQbRrfXVpBxhlXF0WFlaC9cUvGI5Pye0pULbcKWcU6UO28Pe=s1024 | https://lh3.googleusercontent.com/gps-cs-s/AHRPTWnMGTHDsZIjJbtlmX0pqsA7yTU6wJm-bt2FA33c2S9JCBB-Oe_oDbmuscAwvKT9JAdmH80hH1pR5Pv02WMigXI_bF3DiIr4Ch608Knj4KGsm9H5B1KtIHxsGbGN5UYhpF2APLsX_A1ZdpW0=s1024 | https://lh3.googleusercontent.com/gps-cs-s/AHRPTWlrWvfy2PwavRurG_vhRDrYCmWUostLpjTolUEsUoN2td5tuaAvZ8JqVOwD_D9ypbW4bYKPTTWdsxc-FeHy0IdBin12ZoBDCAnjUaNUke0y2uE0A14g089AQ3ykEfx4yiucCkc=s1024,11vx23x6rs,"https://www.google.com/maps/place/Kijang+happy/@-6.1871087,106.7783064,17z/data=!3m1!4b1!4m6!3m5!1s0x2e69f70028f25cf3:0xa58529cd7cfcaae1!8m2!3d-6.1871087!4d106.7783064!16s%2Fg%2F11vx23x6rs?entry=ttu&g_ep=EgoyMDI2MDgyNi4wIKXMDSoASAFQAw%3D%3D"
ruang komunitas,Komunitas Sahabat UMKM,Asosiasi/organisasi,"Jl. Cideng Timur No.76, RT.4/RW.4, Petojo Sel., Kecamatan Gambir, Kota Jakarta Pusat, Daerah Khusus Ibukota Jakarta 10160",-6.1772344,106.8126777,4.7,40,Senin: 09.00–16.00 | Selasa: 09.00–16.00 | Rabu: 09.00–16.00 | Kamis: 09.00–16.00 | Jumat: 09.00–16.00 | Sabtu: Tutup | Minggu: Tutup,0858-4642-8346,/url?q=http://www.sahabatumkm.id/&opi=79508299&sa=U&ved=0ahUKEwjy8s6X7MqWAxVqiuEIHb7OBZwQ61gIFygS&usg=AOvVaw05_d2AEE1Nw7Pa2WWgicqs,"Parkir, AC, Restoran, Bar",4,False,35.0,2,6,https://lh3.googleusercontent.com/gps-cs-s/AHRPTWmSzkaqj_jwJsDk4Uo5sV4xC3Jeb8LbHFSgc5EpP_xI9nNEec5SDOi1PeVoirkJqWblw4mCSU5f9I0M4oPGdS-VymHpWKiipZJxlGJuE5qWdFBQngITAFVP6adX2StIRq_dTP2c=s1024 | https://lh3.googleusercontent.com/gps-cs-s/AHRPTWnRu9ynXp1tlhK5TQ77jA6r1Kdk9v1Tk_8Uue0Hqo3YC9h4YAvcUOkheBY30vxE2pyRkqE72i0pCHig4P30j33xrZ-JnOpW3Y_mI3t1gJtfmkd5KysYPJ4Pl1RVUxGhfInz_pMt=s1024 | https://lh3.googleusercontent.com/gps-cs-s/AHRPTWnawZJyxmZ-CRl9b1dHW-bx2AmRmuLzpHn3ER0Rmy68gxHRUsNb94c0EIJ7Im0CHtifdRL9_c1P7r6eXUhQGG0wjpAcn6gZ5F63iEBML1rBROjEDM3OnYVrwJNo2rC2xo2D5D6uiQ=s1024,11fhwtx_wf,"https://www.google.com/maps/place/Komunitas+Sahabat+UMKM/@-6.1772344,106.8126777,17z/data=!3m1!4b1!4m6!3m5!1s0x2e69f7e62f046ea9:0x9686193169b49022!8m2!3d-6.1772344!4d106.8126777!16s%2Fg%2F11fhwtx_wf?entry=ttu&g_ep=EgoyMDI2MDgyNi4wIKXMDSoASAFQAw%3D%3D"
ruang kampus,Universitas Esa Unggul Kampus Jakarta,Universitas Swasta,"Jl. Arjuna Utara No.9, RT.1/RW.2, Duri Kepa, Kec. Kb. Jeruk, Kota Jakarta Barat, Daerah Khusus Ibukota Jakarta 11510",-6.1858371,106.7790429,4.6,1868,Senin: 09.00–17.00 | Selasa: 09.00–17.00 | Rabu: 09.00–17.00 | Kamis: 09.00–17.00 | Jumat: 09.00–17.00 | Sabtu: 09.00–17.00 | Minggu: Tutup,021) 39529950,/url?q=https://pendaftaran.esaunggul.ac.id/&opi=79508299&sa=U&ved=0ahUKEwjly67V7MqWAxXB4zgGHcHFCZoQ61gIFygS&usg=AOvVaw1m3_AwWhGbjeWQmW1-MOeW,"Parkir, Toilet, Kursi roda, Restoran, Bar, Memiliki kursi khusus pengguna kursi roda, Memiliki pintu masuk khusus pengguna kursi roda, Memiliki tempat parkir khusus pengguna kursi roda, Ada toilet khusus pengguna kursi roda",9,False,48.0,3,8,https://lh3.googleusercontent.com/gps-cs-s/AHRPTWmSCHy0q1eyn4_g9IHdyIovTbqYIWkJY4lvdKoueUSiWvSffdAzX8XTK6tM47LXKdI_3SjSsq9d9kWlNCdG3agEnWWM6wYqWnhT6l5snjMS_34LU-0Tf_ms12LU4Jd7FAqwFKt5qA=s1024 | https://lh3.googleusercontent.com/gps-cs-s/AHRPTWk7XCVeDKMzUbdv389xpmumbsJO5gb8zPtOVqxiDy0U3zAQj2J9th38DxxJBijBNqm5Fkb9xmyakSRYdn1JnYzPfyiFB1b3MmMqSOTKgEp5kjtK6AMSM2cMNd4e3-cjEfhecuSJ=s1024 | https://lh3.googleusercontent.com/gps-cs-s/AHRPTWk664db6JSGHIDjH4rdt1Zr3ux3srJUCeC9FQekW-bXWlnxFAsrVKD9xfIrSEtT1PY-Sgu6j8tjvCRfvwLRv7hIOYl7--8Glhq0i5uyeuaQT_aeTc0a7sVeCPtxbOfNNQVn5jce=s1024,1223q9v6,"https://www.google.com/maps/place/Universitas+Esa+Unggul+Kampus+Jakarta/@-6.1858371,106.7790429,17z/data=!3m1!4b1!4m6!3m5!1s0x2e69f6fa7ad2e539:0xf4631ccaa3f56416!8m2!3d-6.1858371!4d106.7790429!16s%2Fg%2F1223q9v6?entry=ttu&g_ep=EgoyMDI2MDgyNi4wIKXMDSoASAFQAw%3D%3D"
ruang kampus,Universitas Dian Nusantara Kampus Tanjung Duren,Universitas,"Jl. Tj. Duren Bar. 2 No.1, RT.1/RW.5, Tj. Duren Utara, Kec. Grogol petamburan, Kota Jakarta Barat, Daerah Khusus Ibukota Jakarta 11470",-6.1757355,106.7832264,4.8,1035,Senin: 08.00–16.00 | Selasa: 08.00–16.00 | Rabu: 08.00–16.00 | Kamis: 08.00–16.00 | Jumat: 08.00–16.00 | Sabtu: 08.00–14.00 | Minggu: Tutup,021) 21194454,/url?q=https://undira.ac.id/&opi=79508299&sa=U&ved=0ahUKEwj94eHp7MqWAxWBwjgGHfXFELcQ61gIFygS&usg=AOvVaw3UYnMuJT_ikMdGz_B-gyNO,"Parkir, Kursi roda, Restoran, Bar, Memiliki pintu masuk khusus pengguna kursi roda, Memiliki tempat parkir khusus pengguna kursi roda",6,False,46.0,2,9,https://lh3.googleusercontent.com/gps-cs-s/AHRPTWmoqtO643BivztmRrQy54n_RtKebJoDqqnthp-0LdKAQwjyBNROODNZPzFmBhC0H2E1nDFDTpiAyDyb8BR2NLLU5deATn1pP998ZejOaomR1cWLP51f9tj9FZWbIWDWITOxgXyc=s1024 | https://lh3.googleusercontent.com/gps-cs-s/AHRPTWkjlIqbpKopWibDVd-46xNlRtbY0_vq7alLTP14EwdHddtVPibNrPyXu0tRfwCJxM5uqLklvZbiqZPoi5Ak_oQuffr2VQX0qap3nFdfGJy1pxN2BlATC6zT352vkLjEy7HLP_UxjygykJVn=s1024 | https://lh3.googleusercontent.com/gps-cs-s/AHRPTWmG2vFp5ZVUl39uhmEUsRYjlqC5Qu-tEeUIBo8O-pqR64hDwcc-CcuiuN-kgGioIgZ4nWmtNyy9PUfyWXN8Qo5qA0URco-tVg2cE7xqa2AsC_kW_vP8gZE-iA0z7W1xjak_ozzC=s1024,11trf9m_cc,"https://www.google.com/maps/place/Universitas+Dian+Nusantara+Kampus+Tanjung+Duren/@-6.1757355,106.7832264,17z/data=!3m1!4b1!4m6!3m5!1s0x2e69f7c264998871:0x25224ba2f2443f47!8m2!3d-6.1757355!4d106.7832264!16s%2Fg%2F11trf9m_cc?entry=ttu&g_ep=EgoyMDI2MDgyNi4wIKXMDSoASAFQAw%3D%3D"
ruang kampus,Universitas Dian Nusantara Kampus Greenville,Institusi Pendidikan,"Jl. Mangga 14 No.6, RT.6/RW.3, Duri Kepa, Kec. Kb. Jeruk, Kota Jakarta Barat, Daerah Khusus Ibukota Jakarta 11510",-6.17241,106.773286,4.9,167,Senin: 08.00–16.00 | Selasa: 08.00–16.00 | Rabu: 08.00–16.00 | Kamis: 08.00–16.00 | Jumat: 08.00–16.00 | Sabtu: 08.00–14.00 | Minggu: Tutup,0812-8770-2769,/url?q=https://undira.ac.id/&opi=79508299&sa=U&ved=0ahUKEwjfifr97MqWAxXQ3jgGHTsiM7AQ61gIFygS&usg=AOvVaw0qMoXhC8tucR9nm9Zg0KRr,"Parkir, Kursi roda, Restoran, Bar, Memiliki pintu masuk khusus pengguna kursi roda",5,False,46.0,2,9,https://lh3.googleusercontent.com/gps-cs-s/AHRPTWkyrFmLyPW2VKTGP4dowDIXA2buUVE1pna42-X9hpzTiTkGyPKHZr49Xbc25ulVHgt1Xfb8MkSd_n5YXfVO_Bob4ISYlYzoCmEciYUXX2SkeP-itOzpRvLBURnnKMacHhXIYWCALA=s1024 | https://lh3.googleusercontent.com/gps-cs-s/AHRPTWmhhZARo9jMCobEL763LuarNMtdAZVNBUZuxlrz2vscJtJDbVtXtU8HrR5edorO-B1oDJyNQkiL0c8MS5ldiBoRZLUwb7AC3hyvWtYnnAX6qZD2p4PjIToaDdSi108rp6YlPbud=s1024 | https://lh3.googleusercontent.com/gps-cs-s/AHRPTWkZZFPzxcbHb84iyKD1XZU5VKk0yakQohNmQ0ek2aZm0Dg42O67eCkaz4tQdLfSmHL05Yb4mmGw7GHEhdq1us-733OYF8cLxLj_Xj_9qXWC90u7VnvCEfaguSFtwAf3kwoW3Y0L5w=s1024,11rj4hgs5h,"https://www.google.com/maps/place/Universitas+Dian+Nusantara+Kampus+Greenville/@-6.17241,106.773286,17z/data=!3m1!4b1!4m6!3m5!1s0x2e69f772e0df8317:0x90c4b7a479aec64c!8m2!3d-6.17241!4d106.773286!16s%2Fg%2F11rj4hgs5h?entry=ttu&g_ep=EgoyMDI2MDgyNi4wIKXMDSoASAFQAw%3D%3D"
ruang kampus,Universitas Satyagama Jakarta Barat,Universitas,"Jl. Kamal Raya No.2A, RT.6/RW.8, Cengkareng Tim., Kecamatan Cengkareng, Kota Jakarta Barat, Daerah Khusus Ibukota Jakarta 11730",-6.1434886,106.7308199,4.1,124,Senin: 07.00–19.00 | Selasa: 07.00–19.30 | Rabu: 07.00–19.00 | Kamis: 07.00–19.00 | Jumat: 07.00–19.00 | Sabtu: 07.00–19.00 | Minggu: Tutup,021) 5452377,/url?q=https://www.satyagama.ac.id/&opi=79508299&sa=U&ved=0ahUKEwiFzeyR7cqWAxVb1TgGHR22EIoQ61gIFygS&usg=AOvVaw3k-8SpfXla7Hrsvty9x7PP,"Parkir, Restoran, Bar",3,False,72.5,1,5,https://lh3.googleusercontent.com/gps-cs-s/AHRPTWlhswOwRNz7emOUGpAXUD3E_e1A5boKWM7dA7hYEa5z0xYChYFmrg3A0UfC-8biCWjKJD2_YNP29NOJkKG0n3ZlLfYpPWmd3N6DZH_8t9ZG685B9GHOgE8aS36wfJQ7qSSLq1Xrhu6ga8Pc=s1024 | https://lh3.googleusercontent.com/gps-cs-s/AHRPTWleqUTOCaUYO0ayRUoLb4fEdhcIITgXMJKm5K9d1tgXnga1ddpAoed1pPnHgIxay7Ai1sv67p1nBe1t8UHqZ4SaeZJ-rsdRQr0pg7xeZAcm55i5rMLC2wsvJEP3Y2rVHa9IR-7xN8uMQ-o=s1024 | https://lh3.googleusercontent.com/gps-cs-s/AHRPTWlz0CYlCFgbg_TukONh6XaY0xkFt_yJmiPl_SYr722scjOHouKz5e9WSLkpFQRLGlhqnC8tHXbwXqT2GeB4O2BABHWh28Ki6pFwI_FYN6pLS6RgtkEmm4doz4AxcFDWYjIezWY=s1024,1hc0hlyqq,"https://www.google.com/maps/place/Universitas+Satyagama+Jakarta+Barat/@-6.1434886,106.7308199,17z/data=!3m1!4b1!4m6!3m5!1s0x2e69f3bf625fce9f:0x666d9fa5907f44fd!8m2!3d-6.1434886!4d106.7308199!16s%2Fg%2F1hc0hlyqq?entry=ttu&g_ep=EgoyMDI2MDgyNi4wIKXMDSoASAFQAw%3D%3D"
ruang kampus,Universitas Trisakti,Universitas Swasta,"Jl. Letjen S. Parman No.1, RT.6/RW.16, Grogol, Kec. Grogol petamburan, Kota Jakarta Barat, Daerah Khusus Ibukota Jakarta 11440",-6.1682748,106.7892412,4.5,1625,Minggu: lalu,021) 5663232,/url?q=https://trisakti.ac.id/&opi=79508299&sa=U&ved=0ahUKEwjB1ail7cqWAxWS9DgGHST_ESQQ61gIFygS&usg=AOvVaw2H9LUScX2CXx7Bxh64xvNx,"Parkir, Kursi roda, Restoran, Bar, Memiliki pintu masuk khusus pengguna kursi roda, Memiliki tempat parkir khusus pengguna kursi roda, Tersedia layanan di tempat",7,False,0.0,2,10,https://lh3.googleusercontent.com/gps-cs-s/AHRPTWl88hxoydXcGWZDV3XBsGfWm-LyXouBbTnjhgLL3vI48-uVXzDp5B9iaZpSxRD8BD-uSMj7X-o8f-Uindz-GaJEnenzbmSaqq5gvA3IAvbAZFj4JnAGFvGzwzonb9no70EOyQsi8w=s1024 | https://lh3.googleusercontent.com/gps-cs-s/AHRPTWnxQpSZAibDId4CBTBmFmgtDEEfnu5X9GIWvUcfQ4_e7Y8K2ZuotRw7N0NihqRfWmLmhs7sDxjWc-WChiL5HQjRfTGpZzVOI2y2ZHsFM9VX3TCXeFQHKH_EFXmmfRC3yfho8NqURkC_t8Q=s1024 | https://lh3.googleusercontent.com/gps-cs-s/AHRPTWmv8QbsUurPp7yITAFLL4MlHcpwXEYRGeE3NSbAqpdnVY9JnPgXx54MrQKuTDIQFrnq7yKMIf9NHI0qWiY-MkQ-Jjx8ghGlvc_CVolC_bgbseLLaPiXfwB-tYsmdCk8teYf3piCvw=s1024,0x2e69f65cb460416b,"https://www.google.com/maps/place/Universitas+Trisakti/@-6.1682748,106.7892412,17z/data=!3m1!4b1!4m6!3m5!1s0x2e69f65cb460416b:0x9e6e30cd9313eeb4!8m2!3d-6.1682748!4d106.7892412!16zL20vMGJmbHF2?entry=ttu&g_ep=EgoyMDI2MDgyNi4wIKXMDSoASAFQAw%3D%3D"
ruang kampus,Universitas Mpu Tantular Kampus B,Universitas Swasta,"RQ84+9CG, No. Kebon Jeruk, Jl. Puri Kembangan, RT.9/RW.5, Kedoya Sel., Jakarta Barat, Kota Jakarta Barat, Daerah Khusus Ibukota Jakarta 11520",-6.1840594,106.7560764,4.3,51,Senin: 08.00–21.00 | Selasa: 08.00–21.00 | Rabu: 08.00–21.00 | Kamis: 08.00–21.00 | Jumat: 08.00–21.00 | Sabtu: 08.00–18.00 | Minggu: Tutup,021) 5819779,/url?q=http://www.mputantular.ac.id/&opi=79508299&sa=U&ved=0ahUKEwiXyae57cqWAxV8hGMGHS97KOkQ61gIFigR&usg=AOvVaw3fwPXes67PuThTVUWgkknz,"Parkir, Restoran, Bar",3,False,75.0,1,8,https://lh3.googleusercontent.com/gps-cs-s/AHRPTWnEmHLl_O9YLFwwoNicxN7D4h9HbP3ADjUyye9Fq1ujlUMeq9EpmyLadir_DXF6eCvgfIH5VQofd8WKqatEqmt0c7KjyKScUx8OW7pM6QSTnBuKgf2NDwdIJqR-YswVumOTLZ5N=s1024 | https://lh3.googleusercontent.com/gps-cs-s/AHRPTWkunQ4hqYlpOXFDdinneSwZGWSoyvb-w22TgaHsF8vreMEwcW3GinoU9BO_Jm5aFLJYjRQ1PV3C4NnAEdRin3wX_qNrtADRO5i91J81nixJXUTkP-eZ2SglsWPsZSZxWC5nJR2Qlg=s1024 | https://lh3.googleusercontent.com/gps-cs-s/AHRPTWkrThEBCc6_YklpukLQjyMKp85iC8qQY2vTqdcw2NhEg5swiZFBKDfFTemhDjh1yr_c-iOno_CqMlLVKHLV6QptmIm_4aQT06aU8NSMFCZe3MdqULk3WhBKpITpgWOu3Ypt12AG=s1024,122h0lv7,"https://www.google.com/maps/place/Universitas+Mpu+Tantular+Kampus+B/@-6.1840594,106.7560764,17z/data=!3m1!4b1!4m6!3m5!1s0x2e69f7083c758e25:0x9c6a503bae30335d!8m2!3d-6.1840594!4d106.7560764!16s%2Fg%2F122h0lv7?entry=ttu&g_ep=EgoyMDI2MDgyNi4wIKXMDSoASAFQAw%3D%3D"
ruang kampus,Universitas Bina Sarana Informatika Kampus Cengkareng (UBSI Cengkareng),Universitas,"Jl. Kamal Raya No.18, RT.6/RW.3, Cengkareng Tim., Kecamatan Cengkareng, Kota Jakarta Barat, Daerah Khusus Ibukota Jakarta 11730",-6.1480208,106.7273266,4.9,584,Senin: 07.30–21.15 | Selasa: 07.30–21.15 | Rabu: 07.30–21.15 | Kamis: 07.30–21.15 | Jumat: 07.30–21.15 | Sabtu: 08.00–17.00 | Minggu: Tutup,021) 54376398,/url?q=http://www.bsi.ac.id/&opi=79508299&sa=U&ved=0ahUKEwiO-Z3N7cqWAxWd4DgGHfjSH98Q61gIFygS&usg=AOvVaw3Xw1M-Gdi89DxjYllM7NER,"Parkir, Kursi roda, Restoran, Bar, Tidak memiliki tempat parkir khusus pengguna kursi roda",5,False,77.8,2,7,https://lh3.googleusercontent.com/gps-cs-s/AHRPTWlsaA_mMVxM-FM70IIyfqhzxx_JFqXeBEo0ZQFKYC3TSYOdgjq4gJ60BHIMYoi4siCl_iHdD8HgMvZwCKMfMCfwpfVeZfJzEZoux6JHBFAqiPne-xbtWloRAzdwVIZx4GYAFQqMXg=s1024 | https://lh3.googleusercontent.com/gps-cs-s/AHRPTWmkReN4prE4sDg4cTBB-TofHO8oS_9yhwSLPoUgKd2Uzz8AB1MflXvGfZv1OrUPnKrzS-lVcQyHUtBKv_vUm_W-zxKsuv7XQCJfLWrBktMhopZThU3irzcm37pXGYcqoeZJVK4U=s1024 | https://lh3.googleusercontent.com/gps-cs-s/AHRPTWnwdRdVzyJxmVoSb4Ny1vI3tluk15N9i7Jel8MCVNohffxI9NN27nsdsU8W2KWT8zNZKV-qI6FXG49H9vwMrNI-O2byhomFaqWBzn7YK2EaKpdAvQiLGpmfyOED--wDD8BH8R230vGsGN6Y=s1024,1tdkz_07,"https://www.google.com/maps/place/Universitas+Bina+Sarana+Informatika+Kampus+Cengkareng+(UBSI+Cengkareng)/@-6.1480208,106.7273266,17z/data=!3m1!4b1!4m6!3m5!1s0x2e69f7f961c04f65:0x91667efd0496a1cd!8m2!3d-6.1480208!4d106.7273266!16s%2Fg%2F1tdkz_07?entry=ttu&g_ep=EgoyMDI2MDgyNi4wIKXMDSoASAFQAw%3D%3D"
ruang kampus,Universitas Tarumanagara,Universitas Swasta,"Jl. Letjen S. Parman No.1, RT.6/RW.16, Tomang, Kec. Grogol petamburan, Kota Jakarta Barat, Daerah Khusus Ibukota Jakarta 11440",-6.1691793,106.7895017,4.5,1418,Senin: 08.00–17.00 | Selasa: 08.00–17.00 | Rabu: 08.00–17.00 | Kamis: 08.00–17.00 | Jumat: 08.00–17.00 | Sabtu: 09.00–14.00 | Minggu: Tutup,021) 56958723,/url?q=http://untar.ac.id/&opi=79508299&sa=U&ved=0ahUKEwiH04Th7cqWAxXLyDgGHX_9DcIQ61gIFygS&usg=AOvVaw0c6ftT26ytOVOFDsPzLJLU,"Parkir, Kursi roda, Restoran, Bar, Memiliki pintu masuk khusus pengguna kursi roda, Memiliki tempat parkir khusus pengguna kursi roda",6,False,50.0,2,10,https://lh3.googleusercontent.com/gps-cs-s/AHRPTWlQ-Hn6i5ZIwMblEVwsYa5_qVwT720gGTNSar2M_LrCMb8ANVkIJ2P7K4MoLYCCELJ0RN4PHWXXT9u6dn4F6NYsnOcTHytrfIFiZ4mBs_io32g_RFQSDqezKVN_luRpfw5Pfqzm=s1024 | https://lh3.googleusercontent.com/gps-cs-s/AHRPTWm3JZpISvF9l5p0dRhWyaz-4i0FwHpQF0niaIsmZqoJjyManofCe23uIVm3apl0FKiyfKmksFe31i23VYCdh97I19V-2YtH9aOFVNg25BsDdPvg_3xb0KriXIke-1919dBxH1wTug4i8Znz=s1024 | https://lh3.googleusercontent.com/gps-cs-s/AHRPTWlJYYk8fVAnHeIxFcGd3uCtPH-WVZvBLg1RBDy5mTvbpVeaiLRuU_w480JUSiKHOWAsbPI7PZZnb6GyghTua-foG2-6y6S7E8ehtdY3P-FYN4Ssz7m9leRnY8waQRSWqbt_RlY-dGXBgy8=s1024,1v387bls,"https://www.google.com/maps/place/Universitas+Tarumanagara/@-6.1691793,106.7895017,17z/data=!3m1!4b1!4m6!3m5!1s0x2e69f65c8572640d:0xc0a066d78372614e!8m2!3d-6.1691793!4d106.7895017!16s%2Fg%2F1v387bls?entry=ttu&g_ep=EgoyMDI2MDgyNi4wIKXMDSoASAFQAw%3D%3D"
area komunal,IPAL KOMUNAL rawa Melati Mandiri,Fasilitas Pengolahan Air Limbah,"RW No.3 3, RT.3/RW.1, Tegal Alur, Kec. Kalideres, Kota Jakarta Barat, Daerah Khusus Ibukota Jakarta 11820",-6.103098,106.7160999,5.0,1,,000000014901161,,"Parkir, Restoran, Bar",3,False,0.0,1,3,https://lh3.googleusercontent.com/gps-cs-s/AHRPTWkL_jMO5dr4ylGlvfFCCDWWbhYAiKCSYIGvk9MNWoH1Y6qRd3ZYkUmHpHthsD4_8JtEKistLH3NCNi2B181Yf6ttIylhxL4FB3OUzAnoL8FUoXxCG_T_hbRXlkZQzBrySgEidV3=s1024 | https://lh3.googleusercontent.com/gps-cs-s/AHRPTWmvYYUbBOKvCl0_UpgEO3ryvdapZ_AL27DjwMnQ3f3Ll7a0f0hQTqOy6f8Up443EWJyHX1OfO30vNWIwm3Q55MQg1Yu-q_qd_zdcunWiQr2mzlFhkRRl-7S9JWBGLRyQ5e8yH4=s1024 | https://lh3.googleusercontent.com/gps-cs-s/AHRPTWnfIKzAE6AMdpE4KDHYttXjZ84oJY5C0gIgRH6QMe8k021eT_eIQCI6bnWRluuOUmqyyEJ1jvDRpZDEaGOMSVqKnG9g7ITOzHQxADk0FCvkdDHqSXChl-a1xI1AbKCUJxtD8tTGSQ=s1024,11f15kc9kw,https://www.google.com/maps/place/IPAL+KOMUNAL+rawa+Melati+Mandiri/data=!4m7!3m6!1s0x2e6a02d6b5f5a407:0xe7edad5885d6fffe!8m2!3d-6.103098!4d106.7160999!16s%2Fg%2F11f15kc9kw!19sChIJB6T1tdYCai4R_v_WhVit7ec
area komunal,IPAL Komunal 1 Duri Utara,Kamar Mandi Umum,"14, RT.14/RW.2, North Duri, Tambora, West Jakarta City, Jakarta 11270",-6.1537929,106.8059288,5.0,1,,000000014901161,,"Parkir, Toilet, Restoran, Bar, Toilet·Bintang 5,0·1 ulasan·Kamar Mandi Umum, Public Toilet·Bintang 5,0·3 ulasan·Kamar Mandi Umum, TEMPAT BEOL FARHAN DAN FAISAL·Bintang 0,0·Toilet Umum Pria",7,False,0.0,2,1,https://lh3.googleusercontent.com/gps-cs-s/AHRPTWnBjZY32F_z1KZG_sFbrzIOXnWxUCIyuf8S-YTC0tCi9b6VFfxwM6nV-IJoDAMCg9T550I7zXj6f9liN_IyxH26WOwK_H0vGLmU_EzmU0dzDeRuTGBJjhCuw747zqaSuH6IMu6Dng=s1024,11sx5fkgpl,"https://www.google.com/maps/place/IPAL+Komunal+1+Duri+Utara/@-6.1537929,106.8059288,17z/data=!3m1!4b1!4m6!3m5!1s0x2e69f75920786f8d:0x2b08fc8c344aa8b0!8m2!3d-6.1537929!4d106.8059288!16s%2Fg%2F11sx5fkgpl?entry=ttu&g_ep=EgoyMDI2MDgyNi4wIKXMDSoASAFQAw%3D%3D"
area komunal,TMB Pulir,Taman bermain,"1, RT.1/RW.8, Duri Kosambi, Kecamatan Cengkareng, Kota Jakarta Barat, Daerah Khusus Ibukota Jakarta 11750",-6.1832002,106.7179587,4.1,14,Senin: 06,000000014901161,,"Parkir, Restoran, Bar",3,True,0.0,1,8,https://lh3.googleusercontent.com/gps-cs-s/AHRPTWmYt1bQ2ilyGC5VIjzwmhpe4MYSfjKnlR6swfUoLJyoIT6sBqfgzY6And6AlvLrmkS3GtzOF_fSg56c0_TGUG9jV4sT6S-3JUtF0LCg5C2lloskh55t8ip3MREIvtPiV9NXJih2=s1024 | https://lh3.googleusercontent.com/gps-cs-s/AHRPTWlSGxiUqwIq3HIYV6WtIG2NZXl1Wx1L_Cm65vyK7l0Ug_ixtFJfiM_WLmMn9OXZ160E5fbtdaVDmqHe3t_DSi9p-MREdqzCHGE1Wh_KNaabBUZBqgCwF2Y0CKcwemo8b2Z6Ot4=s1024 | https://lh3.googleusercontent.com/gps-cs-s/AHRPTWkGUg79JYBe0eGAGa4bK9dOLUIXgxvDVHGP1c74l4iZoTB49l9Th6m-j6lHaZcepPDtWHTbZR8snUBgdH0fxX2K_AEMEj9tY4FYvrnH-U5aNZg5Pw6mLYJyH2PABpD13ZLBG1zj=s1024,11sg2lmm2n,"https://www.google.com/maps/place/TMB+Pulir/@-6.1832002,106.7179587,17z/data=!3m1!4b1!4m6!3m5!1s0x2e69f9b0c6ec6e09:0x81b9a25e3ebc8a26!8m2!3d-6.1832002!4d106.7179587!16s%2Fg%2F11sg2lmm2n?entry=ttu&g_ep=EgoyMDI2MDgyNi4wIKXMDSoASAFQAw%3D%3D"
area komunal,Jakarta Barat Wall Climbing Park,Panjat Tebing,"Jl. Cendrawasih X No.1 1, RT.6/RW.6, Cengkareng Bar., Kecamatan Cengkareng, Kota Jakarta Barat, Daerah Khusus Ibukota Jakarta 11730",-6.143716,106.720879,5.0,12,Senin: 14.00–20.00 | Selasa: 14.00–20.00 | Rabu: 14.00–20.00 | Kamis: 14.00–20.00 | Jumat: Tutup | Sabtu: 10.00–21.00 | Minggu: 10.00–21.00,000000014901161,,"Parkir, AC, Restoran, Bar",4,False,46.0,2,9,https://lh3.googleusercontent.com/gps-cs-s/AHRPTWmTqWcdBPKf43S3GzjxISIlEnwuHnOJ6mZAYMvRYrRhU9vm6wU3kBvv99G2SAQ97ssl-sjueX0ERC8NSw3HLjKBAEuEC-1O6yJ4GwaprfRPtVXQknvlK2Jnkb6Cgc7_x-ojpLGO4AvTrK7M=s1024 | https://lh3.googleusercontent.com/gps-cs-s/AHRPTWmv6DgBtrwsjcc9iKHe_7RewCcshr0Y2bUpJjpftL_4VJwAHp2NiR4YUrNrJ9vntHc9FT3JbHUuX_3tHcozB0jMYL763i8tT-ESBoTK_aOapSrHQ-_N7eYWK8d4gZnjDQSGtCzmv40XVdUH=s1024 | https://lh3.googleusercontent.com/gps-cs-s/AHRPTWkddy6RCAyUQXS8a2GEK4fmGVeAuYXphdy7Em9PvM4b7B_fePwaVWehuqXwxIkniBC_uyGa2NKzYACAO4cfY6MrZYwl_0r4MGltCRK9SGd4jdTJovUmUgcKtJSkJqo6QmB0O0nAw7KmQy1_=s1024,11jcw7t0cb,"https://www.google.com/maps/place/Jakarta+Barat+Wall+Climbing+Park/@-6.143716,106.720879,17z/data=!3m1!4b1!4m6!3m5!1s0x2e69f9de1e01bb7d:0x24d98f3273754ef7!8m2!3d-6.143716!4d106.720879!16s%2Fg%2F11jcw7t0cb?entry=ttu&g_ep=EgoyMDI2MDgyNi4wIKXMDSoASAFQAw%3D%3D"
area komunal,lokasi,Perancang Acara,"Jl. Jelambar Utama Sakti VIII No.16 9, RT.9/RW.7, Wijaya Kusuma, Kec. Grogol petamburan, Kota Jakarta Barat, Daerah Khusus Ibukota Jakarta 11460",-6.153049,106.7774701,1.0,1,,000000014901161,,"Parkir, Restoran, Bar",3,False,0.0,1,1,https://lh3.googleusercontent.com/gps-cs-s/AHRPTWnj6Fz_phkWkNDo7KPZxZgQmb56zFw3RZ39ie3wMhs6qDqS1nkPn-VpwlkkyyhH_llRWC2MfCAnRQfwilwNa4W53PyzGIhz7BxFKzBlIt6BYUOZJSwSED1XFdx0Hs16D2xv11uo=s1024,11vqhzz0bf,https://www.google.com/maps/place/lokasi/data=!4m7!3m6!1s0x2e69f7006f1e82a5:0xb8fbb94528ae21ff!8m2!3d-6.153049!4d106.7774701!16s%2Fg%2F11vqhzz0bf!19sChIJpYIebwD3aS4R_yGuKEW5-7g
area komunal,Rumah pompa green garden,Kantor Pemerintah,"No.60 KM 10, Jl. Daan Mogot, RT.15/RW.2, Kedaung Kali Angke, Kecamatan Cengkareng, Kota Jakarta Barat, Daerah Khusus Ibukota Jakarta 11710",-6.1586778,106.7605116,4.5,2,,000000014901161,,"Parkir, Restoran, Bar",3,False,0.0,1,3,https://lh3.googleusercontent.com/gps-cs-s/AHRPTWkNrb6g32ubc77Dh6zSC_U6ahk04zNfXd2oVWrhpp3BsW0CoaP9tZ3HxxWIIQpqEEUFyRSEfTbGT-qQTnf8hdhz5t3pREKTqhgTRGAT24b0Ib8S-hkT_L3gL3--ssCtz2cBRxNBm8uJexUb=s1024 | https://lh3.googleusercontent.com/gps-cs-s/AHRPTWlL9lflS6MS0Lo7N3pgenvaHfFj5eVg5vd2_9sOgot3KZ_0SrnFBTsMk4X2kgJCPLJXhOVBRPIcJZSyJ5fT15UyydSm0pp9aEBWNXCYGvR1z29YG4HqE-6ltWEXW-OdVGH4NSpC=s1024 | https://lh3.googleusercontent.com/gps-cs-s/AHRPTWlxJD_3z6atqjVZEphGMk28gB_AinwpZm060hq-RXTBHyHqFjdXi1Zcme3vrZ0Bd97jygrvGLZigSbAWQSR4P1LGErmpjhwa6m9R9Jn7mH0fEFXcsF8z6pr-RcV6G4KwIiY82Za=s1024,11vwhls3sg,"https://www.google.com/maps/place/Rumah+pompa+green+garden/@-6.1586778,106.7605116,17z/data=!3m1!4b1!4m6!3m5!1s0x2e69f70014a1c625:0xef895eb9f9fa0e6!8m2!3d-6.1586778!4d106.7605116!16s%2Fg%2F11vwhls3sg?entry=ttu&g_ep=EgoyMDI2MDgyNi4wIKXMDSoASAFQAw%3D%3D"
area komunal,Komunal Sunter,Restoran Indonesia,"VV4F+RCP, Jl. Agung Indah 3, RT.15/RW.16, Sunter Agung, Kec. Tj. Priok, Jkt Utara, Daerah Khusus Ibukota Jakarta 14350",-6.1429046,106.8735637,4.6,77,,000000014901161,,"Parkir, Toilet, Restoran, Bar, Ada toilet, Banyak tempat parkir, Parkir di jalan berbayar",7,False,0.0,2,9,https://lh3.googleusercontent.com/gps-cs-s/AHRPTWk1SS_itPeVlE74v23y1ARkjimnlK5GBnvq-jsy6UgHDyL0xojnYYkvBDKuzjUb1XWDzaEM2II8P7hNTVbfLv64YMILt_1d6dSh4FoH9sqdLLWOSmk4eNfjuS7Bavy1sh_lrtgXmGO54Y4=s1024 | https://lh3.googleusercontent.com/gps-cs-s/AHRPTWmqUWMZRxbsrLMZ7VV4egAnai_hrronerQ1F-0w-6VCvBeFCL8lR3Y4qwi-827PRt3vQFr-394LLmChsuG78Bxxjz7qvImDn4H9eFNqUjjj1aPomfpRImqGbSYdxd55obymogAuhOSJmPp4=s1024 | https://lh3.googleusercontent.com/gps-cs-s/AHRPTWlqlRthQDlBQFhpxrVd6Exwi5mttnteiQ-z7DwRAdASVVKKfoUnxaC9A3BegTHxF4s1ihmUND0NFrVhtoNAvf6t1GxInPuG4_wEV4tFIGNLEp5iRbBuRzk6f27HBxfgGWe7ejYf=s1024,11x34dlpvg,"https://www.google.com/maps/place/Komunal+Sunter/@-6.1429046,106.8735637,17z/data=!3m1!4b1!4m6!3m5!1s0x2e69f5003cc88887:0x4d6129293ee2106a!8m2!3d-6.1429046!4d106.8735637!16s%2Fg%2F11x34dlpvg?entry=ttu&g_ep=EgoyMDI2MDgyNi4wIKXMDSoASAFQAw%3D%3D"
area komunal,Komunal Cafe,Kedai Kopi,"Jl. Jenderal Basuki Rachmat No.116 2, RT.2/RW.3, Pd. Bambu, Kec. Duren Sawit, Kota Jakarta Timur, Daerah Khusus Ibukota Jakarta 13430",-6.2294403,106.8938288,4.4,81,Senin: 10.00–00.00 | Selasa: 10.00–00.00 | Rabu: 12.00–00.00 | Kamis: 10.00–00.00 | Jumat: 10.00–00.00 | Sabtu: 10.00–00.00 | Minggu: 08.30–00.00,0856-9265-9970,/url?q=https://www.zomato.com/id/jakarta/kedai-komunal-jatinegara&opi=79508299&sa=U&ved=0ahUKEwiqorv-7sqWAxUfyDgGHdVrLSMQ61gIHSgS&usg=AOvVaw1Wg-CCX7SA9ljbEZIl2cGu,"Parkir, Toilet, Parkir gratis, Reservasi, Restoran, Bar, Menyediakan layanan pesan tempat, Ada toilet, Ada toilet netral gender, Menerima reservasi, Tempat parkir gratis",11,True,97.5,2,9,https://lh3.googleusercontent.com/gps-cs-s/AHRPTWlWkPKD7vFWpa10M7cKHaeb41ykp_X2dHW8M7zEnLTMnDtDIre0L20f5OydnXBnaF1kq93KwnKEpQxkq9HBeXv6S25_mNBFO_w0lkCqZvGYwkjOpPgl1EPGnATnkyCo4CA43dIJSw=s1024 | https://lh3.googleusercontent.com/gps-cs-s/AHRPTWnYP7fAViqJtYO8Ycu3YvtFxv879eyzJYp77Vv-HjMSs5jNJ4pySeCpDWSWBgMEk6gOhJAVqJxNbCkPYWY1OEqr46lihA2v9NNCFC0ltX7_9RY795CCAqEI_xxeFVQMvHX_Fghw=s1024 | https://lh3.googleusercontent.com/gps-cs-s/AHRPTWk2NqhPAihSkp4Li69dboUS6XTT3Bb4lfrk2eTrGoqetC5B2TS-N_HKxSVRsXd4UrGNTSHZuGoNMT42fpHg_CgduaPrNnh9iaLHP7alap1FyfmTWvSArep7TZ4N88I37t2R7Z8F=s1024,11fj48t4nr,"https://www.google.com/maps/place/Komunal+Cafe/@-6.2294403,106.8938288,17z/data=!3m1!4b1!4m6!3m5!1s0x2e69f34e005398f7:0x74fea4b713e8dec6!8m2!3d-6.2294403!4d106.8938288!16s%2Fg%2F11fj48t4nr?entry=ttu&g_ep=EgoyMDI2MDgyNi4wIKXMDSoASAFQAw%3D%3D"
balai warga,BALAI WARGA,Tempat Parkir,"Jl. Klingkit No.12, RT.12/RW.11, Rw. Buaya, Kecamatan Cengkareng, Kota Jakarta Barat, Daerah Khusus Ibukota Jakarta 11740",-6.1632391,106.7437363,4.0,4,,000000014901161,,"Parkir, Restoran, Bar, Jakarta barat well·Bintang 0,0·Tempat Parkir",4,False,0.0,1,1,https://lh3.googleusercontent.com/gps-cs-s/AHRPTWmE7FY09uaB1OHfEuY6DW2j0wfubaDEbTAxY6vIlkeBh6NO4uUknri-67cpMNA4l0DXyXhmhbJ42jxzvU4zx5BebFQi-e8rKE-JXqaF9TSHeMasdNNvSEAHGz0TS2VGxxwdsT141Q=s1024,11k3r4v65b,"https://www.google.com/maps/place/BALAI+WARGA/@-6.1632391,106.7437363,17z/data=!3m1!4b1!4m6!3m5!1s0x2e69f7a408554063:0xa4868e6afb620b56!8m2!3d-6.1632391!4d106.7437363!16s%2Fg%2F11k3r4v65b?entry=ttu&g_ep=EgoyMDI2MDgyNi4wIKXMDSoASAFQAw%3D%3D"
balai warga,Balai warga RT 1 RW 14,Balai masyarakat,"VP5R+926, Jl. Bakti Jl. Pedongkelan Belakang, RT.1/RW.14, Cengkareng Tim., Kecamatan Cengkareng, Kota Jakarta Barat, Daerah Khusus Ibukota Jakarta 11730",-6.141586,106.7400094,5.0,12,Senin: Buka 24 jam | Selasa: Buka 24 jam | Rabu: Buka 24 jam | Kamis: Buka 24 jam | Jumat: Buka 24 jam | Sabtu: Buka 24 jam | Minggu: Buka 24 jam,000000014901161,,"Parkir, Restoran, Bar",3,True,168.0,1,4,https://lh3.googleusercontent.com/gps-cs-s/AHRPTWk_peSvGGTJpP36n6DA9A_qhsDRJAMhJz2PHn3CtnVSj_qPS1YKfwQxiuJMh_35KZclp1ntwiadVJaJfs9_OlUV1gdg9Sjr-S1X4_X8VClROX7X5m2lwjDjik5lwVs_sD-7tOVSmkewuB8=s1024 | https://lh3.googleusercontent.com/gps-cs-s/AHRPTWldYlnMmN-YqZCpV-JnvW4fGV2p2vgBRATFrdnUBq35-O0hpAoSB77aG3AF4mi5GQvPRZre018LCdB46ZBTH-kMphCGsyt1OyqudZJssEZ1XESrBh-o0yiaaBbcqV5-HvdVyZWQD4G1IxHG=s1024 | https://lh3.googleusercontent.com/gps-cs-s/AHRPTWlTIh9voD4x2ubgxqFDHHk-SxpY0OFnO3blcTp-oNCMRF1F2VclOUnbnDaltYHj0MrTbPDGvfgSfs1vGJj91zwZWjUGfZV5Y5KTHlsWtKSpp1pkF1wlyTgZODN0Y707-jRrzy-Z=s1024,11w_ndrw76,"https://www.google.com/maps/place/Balai+warga+RT+1+RW+14/@-6.141586,106.7400094,17z/data=!3m1!4b1!4m6!3m5!1s0x2e69f70026413c37:0x91daab126347af08!8m2!3d-6.141586!4d106.7400094!16s%2Fg%2F11w_ndrw76?entry=ttu&g_ep=EgoyMDI2MDgyNi4wIKXMDSoASAFQAw%3D%3D"
balai warga,Balai Warga Moneter,Taman bermain,"Jl. Moneter, RT.5/RW.3, Kembangan Sel., Kec. Kembangan, Kota Jakarta Barat, Daerah Khusus Ibukota Jakarta 11520",-6.1793563,106.74968,5.0,34,Senin: Buka 24 jam | Selasa: Buka 24 jam | Rabu: Buka 24 jam | Kamis: Buka 24 jam | Jumat: Buka 24 jam | Sabtu: Buka 24 jam | Minggu: Buka 24 jam,000000014901161,,"Parkir, Toilet, Kursi roda, Restoran, Bar, Memiliki pintu masuk khusus pengguna kursi roda, Memiliki tempat parkir khusus pengguna kursi roda, Ada toilet umum",8,True,168.0,3,5,https://lh3.googleusercontent.com/gps-cs-s/AHRPTWk642Q7a9L0VmINERA1Sxpm5U5dXjIme32ZxijlkL9u3AZpTs0U9x7Y-e1LVPLEts5-fouzYkRN9TFedVcGxaTgPyqa7BkIirseVRApnC0S9P-KZ7P0FGz0AlSs3GoNfI18EMcw=s1024 | https://lh3.googleusercontent.com/gps-cs-s/AHRPTWkBDtpAa6T2DO6z5qncGYmofm10VRcd4k7qIs_YjyRAQx74XdZDv6kfW7qMjKK4OoeSYO6uzptwbaufvjXWM2xIDvqRgeRFmgZYGvjqMDlSkyc90TxNgvYhTAHc8jDakpuHiUkUr969_hM=s1024 | https://lh3.googleusercontent.com/gps-cs-s/AHRPTWlgwjpTqYmD1tTcMeYMvrKSxrs1BK2_Xy7C4cIMyI0R0dTks4v8hx07D6-4J4TWZ0YQjcBgFQWjGzKeDZD_ljui2yHtNwp9D0kQUvzRi3HZ8ahPpDZ7ts11ixWouZq6-gX-S7cm=s1024,11l379tsfw,"https://www.google.com/maps/place/Balai+Warga+Moneter/@-6.1793563,106.74968,17z/data=!3m1!4b1!4m6!3m5!1s0x2e69f77a98a1ac33:0x8bad0aae81874653!8m2!3d-6.1793563!4d106.74968!16s%2Fg%2F11l379tsfw?entry=ttu&g_ep=EgoyMDI2MDgyNi4wIKXMDSoASAFQAw%3D%3D"
balai warga,Balai Warga Rt002 Rw007,Taman bermain,"VP42+W89, RT.2/RW.7, Pegadungan, Kec. Kalideres, Kota Jakarta Barat, Daerah Khusus Ibukota Jakarta 11840",-6.1427172,106.7008479,5.0,15,,000000014901161,,"Parkir, AC, Restoran, Bar",4,False,0.0,2,2,https://lh3.googleusercontent.com/gps-cs-s/AHRPTWkoKdhS3-kgKuH3t5x1wgOtvGgRtGCp_Wu9iZ9FaeraPvHUFGOKX6EDmrvbxFz7vQfgphVTQiI6XBk4rhAZykdLOMJHPQ13m8Ic4IzZDChUTgf5trKahZfUklYuwBur_RkPQbMgRdkVMx9h=s1024 | https://lh3.googleusercontent.com/gps-cs-s/AHRPTWl8px9iR5M89qAfpVExA3FblWjRkVhQ7A_O1ySPWVJvwglsmcduhTw6HZvEPzs39_L3oS3mr8h2CB8yHKiOmTb6ITM523sZ6P9p6G-RYokdOfZyDTmqgeFIMj54_uqd6DI0IGKtLRugmls=s1024,11zg9g2bgb,"https://www.google.com/maps/place/Balai+Warga+Rt002+Rw007/@-6.1427172,106.7008479,17z/data=!3m1!4b1!4m6!3m5!1s0x2e69f9002a6b6715:0x16cca43faea3efb2!8m2!3d-6.1427172!4d106.7008479!16s%2Fg%2F11zg9g2bgb?entry=ttu&g_ep=EgoyMDI2MDgyNi4wIKXMDSoASAFQAw%3D%3D"
balai warga,Balai Warga Rw,,"Jl. Lontar Timur No.16 15, RT.15/RW.6, Tj. Duren Utara, Kec. Grogol petamburan, Kota Jakarta Barat, Daerah Khusus Ibukota Jakarta 11470",-6.1797675,106.7816768,1.0,1,,000000014901161,,"Parkir, Restoran, Bar",3,False,0.0,1,0,,11ycy5pmdk,"https://www.google.com/maps/place/Balai+Warga+Rw/@-6.1797675,106.7816768,17z/data=!3m1!4b1!4m6!3m5!1s0x2e69f6f8301b6cb7:0x331e1bd6978097e0!8m2!3d-6.1797675!4d106.7816768!16s%2Fg%2F11ycy5pmdk?entry=ttu&g_ep=EgoyMDI2MDgyNi4wIKXMDSoASAFQAw%3D%3D"
balai warga,BALAI WARGA RW.01 KEL.RAWA BUAYA,,"Jl. Guru Ma'mun No.41, RT.3/RW.1, Rw. Buaya, Kecamatan Cengkareng, Kota Jakarta Barat, Daerah Khusus Ibukota Jakarta 11740",-6.1565451,106.7309724,5.0,2,Minggu: lalu,000000014901161,,"Parkir, Restoran, Bar",3,False,0.0,1,1,https://lh3.googleusercontent.com/gps-cs-s/AHRPTWkRh7A7Eh8JaMBkA7dGOZt2gKWFsoFdX7xrUSDyfPzIQe5AFwhUwdPSRM4aezeI1s_QjHjnJtiU_ZDSVBwc4cTBwlxWuBWX2jHyqemWaS3IqPKsXhpF-dGRItukYTacHgr_AWd94X6pnUw=s1024,11nj1r2lmv,https://www.google.com/maps/place/BALAI+WARGA+RW.01+KEL.RAWA+BUAYA/data=!4m7!3m6!1s0x2e69f70056dde3e9:0x940325ccd8032643!8m2!3d-6.1565451!4d106.7309724!16s%2Fg%2F11nj1r2lmv!19sChIJ6ePdVgD3aS4RQyYD2MwlA5Q
balai warga,Balai warga kp.alas tua Rt. 002 Rw. 004 s,Balai masyarakat,"Jl. Gaga Alas Tua No.13-95, RT.2/RW.4, Semanan, Kec. Kalideres, Kota Jakarta Barat, Daerah Khusus Ibukota Jakarta 11850",-6.1693077,106.690112,5.0,1,Senin: Buka 24 jam | Selasa: Buka 24 jam | Rabu: Buka 24 jam | Kamis: Buka 24 jam | Jumat: Buka 24 jam | Sabtu: Buka 24 jam | Minggu: Buka 24 jam,0052622825,,"Parkir, Restoran, Bar",3,True,168.0,1,1,https://lh3.googleusercontent.com/gps-cs-s/AHRPTWnQPo0QC4ZopnBD2kaUgQSzNzx7L7ZyaILqA4WDt9Yg3FFOeMRBhH5yZemlbmI_jWOCiyUt4UeyHW-TU_W4_fGo4aLSaioXBijKevr1PeKeR-_MlqqgIhwzC-HWeYf6SCI_OPE_w4b3mENw=s1024,11myjq4bfw,"https://www.google.com/maps/place/Balai+warga+kp.alas+tua+Rt.+002+Rw.+004+s/@-6.1693077,106.690112,17z/data=!3m1!4b1!4m6!3m5!1s0x2e69f90052622825:0x5be449f2560c3e1d!8m2!3d-6.1693077!4d106.690112!16s%2Fg%2F11myjq4bfw?entry=ttu&g_ep=EgoyMDI2MDgyNi4wIKXMDSoASAFQAw%3D%3D"
balai warga,Balai Warga dan Sekretariat RW 05 Kebon Jeruk,Balai masyarakat,"4, Jl. Tambangan No.18B, RT.4/RW.5, Kb. Jeruk, Kec. Kb. Jeruk, Kota Jakarta Barat, Daerah Khusus Ibukota Jakarta 11530",-6.19682,106.7813832,4.7,9,Senin: Buka 24 jam | Selasa: Buka 24 jam | Rabu: Buka 24 jam | Kamis: Buka 24 jam | Jumat: Buka 24 jam | Sabtu: Buka 24 jam | Minggu: Tutup,000000014901161,,"Parkir, Toilet, Restoran, Bar, Ada toilet",5,True,144.0,2,6,https://lh3.googleusercontent.com/gps-cs-s/AHRPTWlO8gWGWOytjfrjbDzaNi6IEvMDW0rOyYvG__rrWolctJpxs9EMOvqTuLbKoupMLg6ZQrPF16hdIByJMG1YgXGlJ8vOjwPqR-eqNyJjHioJvkifHE8gbDoXQw5zThuKaShlM8U=s1024 | https://lh3.googleusercontent.com/gps-cs-s/AHRPTWlKM712mV4qu7Xu6vpzE02RjlmjS-cLOK13Dc8YjpIeHA25dsOJKBb1_OPplOyBYeyIlIh1dzkHgMTHZ8YFsDx9r17Md81WqTF-TDLHzp-PGpzZFGHCv0RWh1XFV3uztorBLyTY=s1024 | https://lh3.googleusercontent.com/gps-cs-s/AHRPTWmLty48Wal5iRkcFSNicmA244gTetDHVMGUpr9lfNkbec-QwldZD8jXJCgLzx5NCbBvEs9a_nxC8gbhEwmXUY1AuZXWWiUL0hxxLanqXa1nm0whlpVhG3_dF5zisNm_qWJ8SiUGPw=s1024,11rfcbqg2f,"https://www.google.com/maps/place/Balai+Warga+dan+Sekretariat+RW+05+Kebon+Jeruk/@-6.19682,106.7813832,17z/data=!3m1!4b1!4m6!3m5!1s0x2e69f73907d02c61:0xfb7a5af2dc431653!8m2!3d-6.19682!4d106.7813832!16s%2Fg%2F11rfcbqg2f?entry=ttu&g_ep=EgoyMDI2MDgyNi4wIKXMDSoASAFQAw%3D%3D"
gedung serbaguna,Gedung Serbaguna Cendrawasih,Ruang Serbaguna,"Jl. Cendrawasih Raya X No. 10, RT.06/RW. 07 RT.7/RW.6 Cengkareng Barat Cengkareng 7 6, RT.7/RW.6, Cengkareng Bar., Kecamatan Cengkareng, Kota Jakarta Barat, Daerah Khusus Ibukota Jakarta 11730",-6.1417185,106.7202996,4.2,473,"Sabtu: , stasiun terdekat kalideres / rawa buaya.""",021) 5412410,,"Parkir, Toilet, Restoran, Bar, Ada toilet",5,False,0.0,2,7,https://lh3.googleusercontent.com/gps-cs-s/AHRPTWm_s5AAGTCxIxK-s7wb6cls8gChj_iP_dxlMKCLdyBz9_MOVLyjPanljs4zwVGW5sAl2qsGQkfJ7Q_ML6N8AdvO9wzO0cO8Y1xjSuEPTtTFnrg2asn9ltMve07tWqZvVCLO-kia=s1024 | https://lh3.googleusercontent.com/gps-cs-s/AHRPTWlx52rI0t7JfBI_5DmGlyRqmOPXmZbLWWEEsbqZ1IaRw0G9uuCCAOf3IC9gCA9lmEgZaastLDh6UOhidEPBkzh8PvKlz0y27_ZRQk6PflO9JuQPK0iCKwrHybQFW6IWBsYzeukj=s1024 | https://lh3.googleusercontent.com/gps-cs-s/AHRPTWlwbavZWpcIrG1NIx5cophsBFuSBIgH_nnSywtrYub-3MlidD4A8M08ATMO1dF3YGxGw7nu3lcnSqrSSpuxSxFHSrZVEMPSfPgYG8AgY3fhoSFdVD36klaKsUNEZ7QoM8eYeup66gFqBbGG=s1024,1pzsxsmmg,"https://www.google.com/maps/place/Gedung+Serbaguna+Cendrawasih/@-6.1417185,106.7202996,17z/data=!3m1!4b1!4m6!3m5!1s0x2e69f7f8ce589cc5:0x68ee157430cc5100!8m2!3d-6.1417185!4d106.7202996!16s%2Fg%2F1pzsxsmmg?entry=ttu&g_ep=EgoyMDI2MDgyNi4wIKXMDSoASAFQAw%3D%3D"
gedung serbaguna,Gedung Serbaguna Gor Badminton Kalimati,Klub Olahraga,"Jl. Tawangmangu Blk. I No.74 006, RT.3/RW.6, Kedaung Kali Angke, Kecamatan Cengkareng, Kota Jakarta Barat, Daerah Khusus Ibukota Jakarta 11710",-6.1545647,106.759345,4.5,111,Senin: 07.00–23.00 | Selasa: 07.00–23.00 | Rabu: 07.00–23.00 | Kamis: 07.00–23.00 | Jumat: 07.00–23.00 | Sabtu: 07.00–23.00 | Minggu: 07.00–23.00,0877-8801-9908,,"Parkir, Toilet, Restoran, Bar, Ada toilet",5,True,112.0,2,8,https://lh3.googleusercontent.com/gps-cs-s/AHRPTWmyAXwjOLCQIjPW8DLeJpbnLu7rkYD0WWpPxcO4oQ_zgWUvo0xz57GnNGjR7jHYl0zDnG0uFMv-DbLAW2LBB55ztXGvwSRuCNTV8wyWy5wCP2LDRxP8SxkSLRI5mnKrHVx6gsh0=s1024 | https://lh3.googleusercontent.com/gps-cs-s/AHRPTWmaxBMaIK9OPWviPNTUcqmZbDi75FgVF5D566qT-E9e6BpHpfapoAfqGJIfmbxgpLcw5qUirxRxDOhzqL6YiAIbNq8Fvu1JGvjrJWA61xX4tKfljtqPrA5cjIDYJPdBKkxX0P1K=s1024 | https://lh3.googleusercontent.com/gps-cs-s/AHRPTWkMbclkM0WW17EMAxEe3kAvJMm3e89lM99o779lKzrlbifHVAgnaxqYTBXOdd4J2YHIgSRqzpeEcWWk7QgvdPQU1RIhHLVMSNpqEQydq1Q5FDErVZM2m3XovH3UrZ-OPlbfCtKVuQ=s1024,11p0100r70,"https://www.google.com/maps/place/Gedung+Serbaguna+Gor+Badminton+Kalimati/@-6.1545647,106.759345,17z/data=!3m1!4b1!4m6!3m5!1s0x2e69f76754e67135:0xcc654acf676ee27b!8m2!3d-6.1545647!4d106.759345!16s%2Fg%2F11p0100r70?entry=ttu&g_ep=EgoyMDI2MDgyNi4wIKXMDSoASAFQAw%3D%3D"
gedung serbaguna,The Vida Ballroom,Ruang Serbaguna,"Jl. Perjuangan No.8, RT.1/RW.7, Kb. Jeruk, Kec. Kb. Jeruk, Kota Jakarta Barat, Daerah Khusus Ibukota Jakarta 11530",-6.1911516,106.7596054,4.4,1202,Senin: 08.00–17.00 | Selasa: 08.00–17.00 | Rabu: 08.00–17.00 | Kamis: 08.00–17.00 | Jumat: 08.00–17.00 | Sabtu: 12.00–18.00 | Minggu: 12.00–18.00,0811-8882-897,/url?q=http://www.thevidaballroom.com/&opi=79508299&sa=U&ved=0ahUKEwj7soOQ8cqWAxUnxDgGHYu5NzIQ61gIFygS&usg=AOvVaw3R0utRyu3QCW4owL_6YUpW,"Parkir, Toilet, Kursi roda, Restoran, Bar, Memiliki pintu masuk khusus pengguna kursi roda, Memiliki tempat parkir khusus pengguna kursi roda, Ada toilet khusus pengguna kursi roda, Tersedia layanan di tempat, Ada toilet",10,True,57.0,3,7,https://lh3.googleusercontent.com/gps-cs-s/AHRPTWkGCW1HByf_qoMVg2fmS89moP-8Q5foRYMnthVGgs4ZzEOAGKtKjSdRdyJpItDJIkYCvFof0lClYphwULO5lD9UPiNwGYxrBMnHZV9NUQ69RChsC0XPaVQUZgF1P3nvqFl0XTJr=s1024 | https://lh3.googleusercontent.com/gps-cs-s/AHRPTWmtn-fBta6bT5BWzCfxYdQbUDdR69NylxDUEqnnK0xpQbUFhukodSxRCrRAEnjTBt2i-r1481gYx-1a6MSFFkbVXCiyzWMjo09bv6OHCdKZJlKmzVPiL2Irv9vsJySjzJ7vVD0R9A=s1024 | https://lh3.googleusercontent.com/gps-cs-s/AHRPTWlLBpkJgrWU_nBmYQD8sdRLcbwekEKlFguyMSlDgp5rSTUkztCjThzv8gIhUO4SZnd9pBYJCHb_nE857my_Kh87c_vW1z3Cbg1FbZacRP86kj1kZCP1zT0mTZlrQsFzeOs0OHv6=s1024,11b6j48vlq,"https://www.google.com/maps/place/The+Vida+Ballroom/@-6.1911516,106.7596054,17z/data=!3m1!4b1!4m6!3m5!1s0x2e69f71b04cc3c37:0xe0bab0cc25e78ab3!8m2!3d-6.1911516!4d106.7596054!16s%2Fg%2F11b6j48vlq?entry=ttu&g_ep=EgoyMDI2MDgyNi4wIKXMDSoASAFQAw%3D%3D"
gedung serbaguna,Gedung Serbaguna Senayan,Ruang Serbaguna,"Jl. Pintu Satu Senayan Jl. New Delhi No.1, RT.1/RW.3, Gelora, Kecamatan Tanah Abang, Kota Jakarta Pusat, Daerah Khusus Ibukota Jakarta 10270",-6.2236875,106.8017066,4.5,1193,Senin: 06.00–22.00 | Selasa: 06.00–22.00 | Rabu: 06.00–22.00 | Kamis: 06.00–22.00 | Jumat: 06.00–22.00 | Sabtu: 06.00–22.00 | Minggu: 06.00–22.00,021) 5734070,,"Parkir, Toilet, Kursi roda, Restoran, Bar, Memiliki pintu masuk khusus pengguna kursi roda, Memiliki tempat parkir khusus pengguna kursi roda, Ada toilet khusus pengguna kursi roda, Ada toilet",9,True,112.0,3,9,https://lh3.googleusercontent.com/gps-cs-s/AHRPTWmsslAYPMEwzEQZc4C0F7kN7ZH6HuXGQjIlOFHPfYl0eebw8S5d87GNzK8EmU031IYBw-dqGE-kMIn2ifQmrfp-HnkdF8sR7e-Nj0jVwXOdWhxjFSMbp3v_pICcF5Y_mMbHhso=s1024 | https://lh3.googleusercontent.com/gps-cs-s/AHRPTWlkgSVFGLmeAqYk1jMCqFxlHtzvxpIWt_2nr50rVGsjvX02zUfsY8HYVGlE0pXQs82XLervH5ysCHXKM-PQsXMMDqLbtniCnkmaRdP7V6YUmCEddk9mMckS0wnWDiPWplWcJLxDzAQEpuCp=s1024 | https://lh3.googleusercontent.com/gps-cs-s/AHRPTWksv_voKqlMX8kIDhkRZN5yE99K7tdsBqfw8NrREueU1Y2MpFlcnKUGqwAj2orXwWFpTMpb2y6iDnYWYiwASNpJSKq8-9jVwhxGgfe0gmut0nPLDdnS6zKScP8zctDjReml6UiOwQ=s1024,1tf8j3dh,https://www.google.com/maps/place/Gedung+Serbaguna+Senayan/data=!4m7!3m6!1s0x2e69f6ca8240b507:0x550e6ce1bec520e!8m2!3d-6.2236875!4d106.8017066!16s%2Fg%2F1tf8j3dh!19sChIJB7VAgsr2aS4RDlLsG87mUAU
gedung serbaguna,Graha Angkasa Pura 1,Gedung Pernikahan,"Jl. Merpati 3 No.10, RT.2/RW.10, Gn. Sahari Sel., Kec. Kemayoran, Kota Jakarta Pusat, Daerah Khusus Ibukota Jakarta 10610",-6.154685,106.84216,4.4,675,Senin: 10.00–22.00 | Selasa: 10.00–22.00 | Rabu: 10.00–22.00 | Kamis: 10.00–22.00 | Jumat: 10.00–22.00 | Sabtu: 10.00–22.00 | Minggu: 10.00–22.00,000000014901161,/url?q=https://www.instagram.com/grahaangkasapura1/&opi=79508299&sa=U&ved=0ahUKEwiG4LC38cqWAxXC-TgGHWkKKIwQ61gIEygO&usg=AOvVaw3lsTSQUmc6LbQm4L5l12KJ,"Parkir, Toilet, Kursi roda, Restoran, Bar, Memiliki pintu masuk khusus pengguna kursi roda, Memiliki tempat parkir khusus pengguna kursi roda, Ada toilet khusus pengguna kursi roda, Ada toilet",9,True,84.0,3,9,https://lh3.googleusercontent.com/gps-cs-s/AHRPTWmMA772wR6_u8VmMhcnbv5iP5Ebf4vTbwdnUMMQnxiJxz_6AuMWGHyiIEfodlaF7xHSwOd6nuue3iey6r1Y10VYVdAVcn07wOqgUhXm5zdao1BOquuEKXfAoZyFpwR1Rrq1r0l1=s1024 | https://lh3.googleusercontent.com/gps-cs-s/AHRPTWmbEKgV3tJhssJHX8N5uTA3AH2PnCt2xv4OqJu0E5l1RnP750UWnJv8Yxs2veNbvvJ-TNZ3uu63gQnsBcCTc4OzngQrcARWRWG9nJASPVRiMT0-B5dyLzzoe2vynyAmLlJctIkBv3wPnxvr=s1024 | https://lh3.googleusercontent.com/gps-cs-s/AHRPTWknhAoAM2zVOsAqDwfr6iKr2sI4CGbn5ZBB2sB1E6w47j8wXgWRhisar3W-QuGxPpn50ggPI5PzNxZOqrgPEVGzeMp936PRu7iGKZ8h7v9_2_bYk3jPCRz25CS7JWONgWGXDCK9eA=s1024,11f04dqdx_,"https://www.google.com/maps/place/Graha+Angkasa+Pura+1/@-6.154685,106.84216,17z/data=!3m1!4b1!4m6!3m5!1s0x2e69f59568483273:0x30484df944fcc3a4!8m2!3d-6.154685!4d106.84216!16s%2Fg%2F11f04dqdx_?entry=ttu&g_ep=EgoyMDI2MDgyNi4wIKXMDSoASAFQAw%3D%3D"
gedung serbaguna,Gedung Dhanapala,Gedung Pertemuan,"Jl. Senen Raya No.1, Ps. Baru, Kecamatan Sawah Besar, Kota Jakarta Pusat, Daerah Khusus Ibukota Jakarta 10710",-6.1733617,106.8384371,4.6,6551,Senin: 09.00–17.00 | Selasa: 09.00–17.00 | Rabu: 09.00–17.00 | Kamis: 09.00–17.00 | Jumat: 09.00–17.00 | Sabtu: 09.00–17.00 | Minggu: 09.00–17.00,021) 3865118,/url?q=https://gedungdhanapala.com/&opi=79508299&sa=U&ved=0ahUKEwjF46jM8cqWAxV0zTgGHdG9NfkQ61gIFygS&usg=AOvVaw3OUTwAV-Is7MK0C9bfPGTj,"Parkir, Toilet, Kursi roda, Parkir gratis, Restoran, Bar, Memiliki pintu masuk khusus pengguna kursi roda, Memiliki tempat parkir khusus pengguna kursi roda, Ada toilet khusus pengguna kursi roda, Ada toilet, Tempat parkir berbayar, Tempat parkir gratis",12,True,56.0,3,9,https://lh3.googleusercontent.com/gps-cs-s/AHRPTWkiDfH_VY5GjZGHdkUpHuRuPGuHUT8RCVOzGgJ96mLl9YeIzPLfAFP4t1GohWqcykqCktJhZSY3sDBCAL5waXeE5nTZFjUnQqhEM7VliLsPDROa0Z298WS75gCtE7OyxD5Q-oHr=s1024 | https://lh3.googleusercontent.com/gps-cs-s/AHRPTWnDt9HZZLSgj34OrkoPzVhe4DsrAQFjPAu6el0qUQjWxtqzCnXvLkWOuLCQHO7eFbd1dsHf2YjQ0R_YZjIE-E-2PZ9zTXU1wjf42Wg0yo-kgUOC7UorzEXzxpb8AWdxoMla5i6u9Ma31aZS=s1024 | https://lh3.googleusercontent.com/gps-cs-s/AHRPTWmlo-M-IdCIAlx18nVtBXtqIgK9RZAyeKejp74mJPcY6xw2Qf44S2k8TomgwoKUywa7fNVjeC3hrIIWv8R-9HUJCneV0P4VRIvTbG3Kp99cEspOFxzCn0rt87eCgRcpO1jwE0tg=s1024,11b6z2pv29,"https://www.google.com/maps/place/Gedung+Dhanapala/@-6.1733617,106.8384371,17z/data=!3m1!4b1!4m6!3m5!1s0x2e69f5cb019d1a5b:0x7176ab25b6de0b31!8m2!3d-6.1733617!4d106.8384371!16s%2Fg%2F11b6z2pv29?entry=ttu&g_ep=EgoyMDI2MDgyNi4wIKXMDSoASAFQAw%3D%3D"
gedung serbaguna,Auditorium BMKG,Gedung Pernikahan,"Jl. Angkasa 1 No.2, RW.10, Gn. Sahari Sel., Kec. Kemayoran, Kota Jakarta Pusat, Daerah Khusus Ibukota Jakarta 10610",-6.1555978,106.8420397,4.6,646,,0812-8463-9272,/url?q=http://www.auditoriumbmkgkpn.com/&opi=79508299&sa=U&ved=0ahUKEwiAtKDg8cqWAxUM1zgGHYfCJOIQ61gIFygS&usg=AOvVaw2GZTXVIaXSyQKqbYdyPN5K,"Parkir, Toilet, Kursi roda, Restoran, Bar, Memiliki pintu masuk khusus pengguna kursi roda, Memiliki tempat parkir khusus pengguna kursi roda, Ada toilet khusus pengguna kursi roda, Ada toilet",9,False,0.0,3,7,https://lh3.googleusercontent.com/gps-cs-s/AHRPTWlaJxM54hScCYJKa8BnvEIa_7-cDuqWeAWtyacbKuALcEq7Vmjevd-VAUBHgOTEVDdq8Kwex_GCM4dOdVnfxY6h5sRekDBGtDUQ3GDbDM9LKZ_FKBxAlHK7mW5xeaFYwZGFzvZD=s1024 | https://lh3.googleusercontent.com/gps-cs-s/AHRPTWlNCT7ZAVTrYRCrj_ccZke0PJN1vb1J-jb7-4RB5aITXOz76NhZKLnKVPAGilfn_J2dOwuEYSt856lJztNX3FB1-w9WonozNXm8nUgGcng2IBuZX88GMa7VHOP8zEiSxv_S18B9=s1024 | https://lh3.googleusercontent.com/gps-cs-s/AHRPTWlUjYpCSLMF4qvWS862HDYlloydnUDJfCXUVBRJ47cJl-Hnr_Y89aKZfR-iHM-RHGRXMszkWWEBgR0vCiIQylrxcJmdgsaqI3Ny15Vy9pfeFsnoZGrLP0fS_K4tBU7YcjO4GHyyaA=s1024,11ggzcbg_9,"https://www.google.com/maps/place/Auditorium+BMKG/@-6.1555978,106.8420397,17z/data=!3m1!4b1!4m6!3m5!1s0x2e69f59545fbf57b:0xc7ff7f2c80ccddd!8m2!3d-6.1555978!4d106.8420397!16s%2Fg%2F11ggzcbg_9?entry=ttu&g_ep=EgoyMDI2MDgyNi4wIKXMDSoASAFQAw%3D%3D"
gedung serbaguna,Graha Jalapuspita,Tempat acara,"Jl. Gatot Subroto No.Kav.101, RT.6/RW.3, Bend. Hilir, Kecamatan Tanah Abang, Kota Jakarta Pusat, Daerah Khusus Ibukota Jakarta 10210",-6.2113414,106.8073448,4.3,2449,,021) 57852677,,"Parkir, Toilet, Kursi roda, Parkir gratis, Restoran, Bar, Memiliki pintu masuk khusus pengguna kursi roda, Memiliki tempat parkir khusus pengguna kursi roda, Ada toilet khusus pengguna kursi roda, Ada toilet, Tempat parkir gratis",11,False,0.0,3,9,https://lh3.googleusercontent.com/gps-cs-s/AHRPTWliHaS6poqCXb6RyNaUOBA50PThizwGlnrlcahMIG8lqw8K1QAfL18kB_MhGglq0MYl8QAv01QaB-iCgZCOIaBc6LCTOn6CTWICbhgY6sGdpHO0VzTLKeQ-Sl0vFGsPNE4YioMP=s1024 | https://lh3.googleusercontent.com/gps-cs-s/AHRPTWkNe6HuU3aPsDES4KwLAvpcIKPskhOkM76jeS-t0ckDP9Fdu3cggasflq-MDFrh382mIDP-KOdU4sYwDWdFGJkGdcJfOjkJgdgar6ul_eqRK3jkRrCtfcKMHjMty0BLkubNc-pGfkEtNyM=s1024 | https://lh3.googleusercontent.com/gps-cs-s/AHRPTWmEEjOAhpSYuDFQsjlFqNwAaETwaVb3qUguJEmzUNI_bBxQiDhhsG2FxloJMPNt5VM1f-_QNnyGtwbqAVACjFjhHBXNLfZ-xte1hQmKyTRNOtoobN6fI7Fm9kivmEoWskLppuAzTw=s1024,1x5cwvkj,https://www.google.com/maps/place/Graha+Jalapuspita/data=!4m7!3m6!1s0x2e69f6aebafa1e87:0x8b982513a4a1cc5e!8m2!3d-6.2113414!4d106.8073448!16s%2Fg%2F1x5cwvkj!19sChIJhx76uq72aS4RXsyhpBMlmIs
co-working space,Concrete 11th Space Kedoya,Ruang Kerja Bersama,"Jl. Pilar Mas Utama, RT.7/RW.3, Kedoya Sel., Kec. Kb. Jeruk, Kota Jakarta Barat, Daerah Khusus Ibukota Jakarta 11610",-6.1874889,106.7586873,4.6,198,Senin: 09.00–18.00 | Selasa: 09.00–18.00 | Rabu: 09.00–18.00 | Kamis: 09.00–18.00 | Jumat: 09.00–18.00 | Sabtu: 09.00–18.00 | Minggu: Tutup,0878-8981-5060,/url?q=https://www.concretespace.co.id/&opi=79508299&sa=U&ved=0ahUKEwiz2qOI8sqWAxWmzzgGHa6kBDEQ61gIFygS&usg=AOvVaw0oElZSDc2UQdmPNtlAF5PM,"Parkir, AC, WiFi, Lift, Restoran, Bar, wifi, disebutkan dalam 20 ulasan, parkir, disebutkan dalam 8 ulasan",8,False,54.0,2,5,https://lh3.googleusercontent.com/gps-cs-s/AHRPTWnjh5pYqlWFcH8bQbeymE_1YCvdv1gTsh0MdkmX4xkRx_Lx4HlKd1Oe1XFPCEyIYMnjNPKVirjnTKKFKQFo2Q_BkMpNnNa6B3HFUM9POe5n74ILEQYPz-6EZW74nYsOVOVKqnAUXg=s1024 | https://lh3.googleusercontent.com/gps-cs-s/AHRPTWnp8fWM1GlnnaocfxbhzMXclFONXcnTTblbRkiJbSh96JlBjaamdHlLXFUX18BEhKqS0KTb5uI9MjsSxu4SpvRtdwwZ9innkZ9H5LdB79DZUD5rpuBzhhTsa6iX_VFwN-gGhFiY=s1024 | https://lh3.googleusercontent.com/gps-cs-s/AHRPTWmI9jViWvkjnlWlx1b17U4c6Le61wwUMfxRhGKRIxEviSrK-U1Zc__N1e6Dpz6YgPRfZtLaMQWOSKJszeJOxcByLHhC828Cv1s9hg230mJzutdWwWdEKZsVu1r8zYAmKh0i-1g5=s1024,11flt1cgb3,"https://www.google.com/maps/place/Concrete+11th+Space+Kedoya/@-6.1874889,106.7586873,17z/data=!3m1!4b1!4m6!3m5!1s0x2e69f7c9518cd7ad:0xbf5109387408a1d7!8m2!3d-6.1874889!4d106.7586873!16s%2Fg%2F11flt1cgb3?entry=ttu&g_ep=EgoyMDI2MDgyNi4wIKXMDSoASAFQAw%3D%3D"
co-working space,Creya Coworking Space,Ruang Kerja Bersama,"Jl. Lapangan Bola No.5D, RT.7/RW.1, Kb. Jeruk, Kec. Kb. Jeruk, Kota Jakarta Barat, Daerah Khusus Ibukota Jakarta 11530",-6.197299,106.7678055,4.9,69,Senin: 08.00–20.30 | Selasa: 08.00–20.30 | Rabu: 08.00–20.30 | Kamis: 08.00–20.30 | Jumat: 08.00–20.30 | Sabtu: 08.00–17.00 | Minggu: 08.00–17.00,0851-1734-0844,/url?q=https://space.creya.co.id/&opi=79508299&sa=U&ved=0ahUKEwi41dSb8sqWAxU6xzgGHReKBDYQ61gIFygS&usg=AOvVaw0bhbXCrcKZcAs2Eok6KEhX,"Parkir, AC, WiFi, Restoran, Bar, wifi, disebutkan dalam 10 ulasan",6,False,80.5,2,7,https://lh3.googleusercontent.com/gps-cs-s/AHRPTWmQd80izzKkFFVLMzkn-Uq_kbwNjbr1Uc5x59X-VH5uttjfG9YCTfjEFQqJ9pEjwIdzOQH3rZgl8x1iXx1mGX1SCJTOp5nT5pKFwBSzm8kLLKQ6O3_n6oYf_wCVh8Ymd0lCnOG7CbDRLjmL=s1024 | https://lh3.googleusercontent.com/gps-cs-s/AHRPTWm8knlqJafqRhdSuCWRJeFjx6wR4nWPV5KYgFBWoCaDk_yl-kTDis1rfr6Ma7JkPIfLedj9saoSHcf0RFB5vCm2BadWSoH5TpkAxkHka5ADLFZdaFJGC8pZALfAdGZ2sFUCpOA2jlosf7WG=s1024 | https://lh3.googleusercontent.com/gps-cs-s/AHRPTWnZnaJX3OhBGLAUyJ2OKIeYxnvCbOifrWx-3H9YDFv4_2dKVqndkHn3SNdto_jr2F5nIxPkwJkiiL2VXGl03Pb6eCzeLil-WqdE0lgLNIRbObJ8_3AZIW7L1jXWUsi9CBvCkMmVpQuDVL6v=s1024,11kb7cz0rz,"https://www.google.com/maps/place/Creya+Coworking+Space/@-6.197299,106.7678055,17z/data=!3m1!4b1!4m6!3m5!1s0x2e69f768cedd4b45:0x8fbecfac13f29a5e!8m2!3d-6.197299!4d106.7678055!16s%2Fg%2F11kb7cz0rz?entry=ttu&g_ep=EgoyMDI2MDgyNi4wIKXMDSoASAFQAw%3D%3D"
co-working space,GoWork Central Park - Coworking and Office Space,Ruang Kerja Bersama,"Central Park Mall, Jl. Letjen S. Parman No.114 Level LG, Unit L109, RT.12/RW.1, Tj. Duren Sel., Kec. Grogol petamburan, Kota Jakarta Barat, Daerah Khusus Ibukota Jakarta 11470",-6.1786387,106.7911202,4.7,308,Senin: 10.00–18.00 | Selasa: 10.00–18.00 | Rabu: 10.00–18.00 | Kamis: 10.00–18.00 | Jumat: 10.00–18.00 | Sabtu: 10.00–18.00 | Minggu: Tutup,021) 50928959,/url?q=https://go-work.com/&opi=79508299&sa=U&ved=0ahUKEwi-jZGv8sqWAxWJyDgGHXPTBVAQ61gIFygS&usg=AOvVaw3WMWo7taBejs6lGZ8XaNVk,"Parkir, Kursi roda, AC, Restoran, Bar, Memiliki pintu masuk khusus pengguna kursi roda, Memiliki tempat parkir khusus pengguna kursi roda, Tersedia layanan di tempat",8,False,48.0,3,6,https://lh3.googleusercontent.com/gps-cs-s/AHRPTWk_mJ9vY0b2ywwM1Pm6jJqKvimPIzwyH8fB6XqzJ8yTbaF_wvFEy6vS1AAb7gmkXibIgYBKyWY4ajVHwQcfNjH67HshNw9BgYtbgnc0voGtmHxYhd2350DMXdBH3Xso1D65vEWdJg=s1024 | https://lh3.googleusercontent.com/gps-cs-s/AHRPTWkJtv8zNcAdOF4WF_R1oXReLyT-5J_-Yam0-L8MNXJV7p5CiNlthiYQXjVmfDC2Zgqz5AW1LPRNXsCZ1rSzf4qpv9uP-Hv0dLduO2dQ6JDDQiXEwCmX7G0l6bOCYCr07qs73pSvAA=s1024 | https://lh3.googleusercontent.com/gps-cs-s/AHRPTWlM3apeUeLaYnifEAZoCV7mYu4N7EG83G1nwb68fhzF3awQ_cX6qKQQN1sprZsZJGznJJprYWJ0T9On_0HYDubnlt-M66VQDZRURKBvjrgpOp0VbjK-XV9bd_VEB25jsTWQ_g=s1024,11j91hcl51,"https://www.google.com/maps/place/GoWork+Central+Park+-+Coworking+and+Office+Space/@-6.1786387,106.7911202,17z/data=!3m1!4b1!4m6!3m5!1s0x2e69f79949e69187:0x172695cc54bbeec8!8m2!3d-6.1786387!4d106.7911202!16s%2Fg%2F11j91hcl51?entry=ttu&g_ep=EgoyMDI2MDgyNi4wIKXMDSoASAFQAw%3D%3D"
